AccX,AccY,AccZ,GyroX,GyroY,GyroZ,Roll,Pitch
0.0,0.0,1.0,0.0,0.0,0.0,0.0,0.0
0.0,0.0,1.0,0.0,0.0,0.0,0.0,0.0
0.0,0.0,1.0,0.0,0.0,0.0,0.0,0.0
0.0,0.0,1.0,0.0,0.0,0.0,0.0,0.0
0.0,0.0,1.0,0.0,0.0,0.0,0.0,0.0
0.0,0.0,1.0,0.0,0.0,0.0,0.0,0.0
0.0,0.0,1.0,0.0,0.0,0.0,0.0,0.0
0.0,0.0,1.0,0.0,0.0,0.0,0.0,0.0
0.0,0.0,1.0,0.0,0.0,0.0,0.0,0.0
0.0,0.0,1.0,0.0,0.0,0.0,0.0,0.0
0.0,0.0,1.0,0.0,0.0,0.0,0.0,0.0
0.0,0.0,1.0,0.0,0.0,0.0,0.0,0.0
0.0,0.0,1.0,0.0,0.0,0.0,0.0,0.0
0.0,0.0,1.0,0.0,0.0,0.0,0.0,0.0
0.0,0.0,1.0,0.0,0.0,0.0,0.0,0.0
0.0,0.0,1.0,0.0,0.0,0.0,0.0,0.0
0.0,0.0,1.0,0.0,0.0,0.0,0.0,0.0
0.0,0.0,1.0,0.0,0.0,0.0,0.0,0.0
0.0,0.0,1.0,0.0,0.0,0.0,0.0,0.0
0.0,0.0,1.0,0.0,0.0,0.0,0.0,0.0
0.0,0.0,1.0,0.0,0.0,0.0,0.0,0.0
0.0,0.0,1.0,0.0,0.0,0.0,0.0,0.0
0.0,0.0,1.0,0.0,0.0,0.0,0.0,0.0
0.0,0.0,1.0,0.0,0.0,0.0,0.0,0.0
0.0,0.0,1.0,0.0,0.0,0.0,0.0,0.0
0.0,0.0,1.0,0.0,0.0,0.0,0.0,0.0
0.0,0.0,1.0,0.0,0.0,0.0,0.0,0.0
0.0,0.0,1.0,0.0,0.0,0.0,0.0,0.0
0.0,0.0,1.0,0.0,0.0,0.0,0.0,0.0
0.0,0.0,1.0,0.0,0.0,0.0,0.0,0.0
0.0,0.0,1.0,0.0,0.0,0.0,0.0,0.0
0.0,0.0,1.0,0.0,0.0,0.0,0.0,0.0
0.0,0.0,1.0,0.0,0.0,0.0,0.0,0.0
0.0,0.0,1.0,0.0,0.0,0.0,0.0,0.0
0.0,0.0,1.0,0.0,0.0,0.0,0.0,0.0
0.0,0.0,1.0,0.0,0.0,0.0,0.0,0.0
0.0,0.0,1.0,0.0,0.0,0.0,0.0,0.0
0.0,0.0,1.0,0.0,0.0,0.0,0.0,0.0
0.0,0.0,1.0,0.0,0.0,0.0,0.0,0.0
0.0,0.0,1.0,0.0,0.0,0.0,0.0,0.0
0.0,0.0,1.0,0.0,0.0,0.0,0.0,0.0
0.0,0.0,1.0,0.0,0.0,0.0,0.0,0.0
0.0,0.0,1.0,0.0,0.0,0.0,0.0,0.0
0.0,0.0,1.0,0.0,0.0,0.0,0.0,0.0
0.0,0.0,1.0,0.0,0.0,0.0,0.0,0.0
0.0,0.0,1.0,0.0,0.0,0.0,0.0,0.0
0.0,0.0,1.0,0.0,0.0,0.0,0.0,0.0
0.0,0.0,1.0,0.0,0.0,0.0,0.0,0.0
0.0,0.0,1.0,0.0,0.0,0.0,0.0,0.0
0.0,0.0,1.0,0.0,0.0,0.0,0.0,0.0
0.0,0.0,1.0,0.0,0.0,0.0,0.0,0.0
0.0,0.0,1.0,0.0,0.0,0.0,0.0,0.0
0.0,0.0,1.0,0.0,0.0,0.0,0.0,0.0
0.0,0.0,1.0,0.0,0.0,0.0,0.0,0.0
0.0,0.0,1.0,0.0,0.0,0.0,0.0,0.0
0.0,0.0,1.0,0.0,0.0,0.0,0.0,0.0
0.0,0.0,1.0,0.0,0.0,0.0,0.0,0.0
0.0,0.0,1.0,0.0,0.0,0.0,0.0,0.0
0.0,0.0,1.0,0.0,0.0,0.0,0.0,0.0
0.0,0.0,1.0,0.0,0.0,0.0,0.0,0.0
0.0,0.0,1.0,0.0,0.0,0.0,0.0,0.0
0.0,0.0,1.0,0.0,0.0,0.0,0.0,0.0
0.0,0.0,1.0,0.0,0.0,0.0,0.0,0.0
0.0,0.0,1.0,0.0,0.0,0.0,0.0,0.0
0.0,0.0,1.0,0.0,0.0,0.0,0.0,0.0
0.0,0.0,1.0,0.0,0.0,0.0,0.0,0.0
0.0,0.0,1.0,0.0,0.0,0.0,0.0,0.0
0.0,0.0,1.0,0.0,0.0,0.0,0.0,0.0
0.0,0.0,1.0,0.0,0.0,0.0,0.0,0.0
0.0,0.0,1.0,0.0,0.0,0.0,0.0,0.0
0.0,0.0,1.0,0.0,0.0,0.0,0.0,0.0
0.0,0.0,1.0,0.0,0.0,0.0,0.0,0.0
0.0,0.0,1.0,0.0,0.0,0.0,0.0,0.0
0.0,0.0,1.0,0.0,0.0,0.0,0.0,0.0
0.0,0.0,1.0,0.0,0.0,0.0,0.0,0.0
0.0,0.0,1.0,0.0,0.0,0.0,0.0,0.0
0.0,0.0,1.0,0.0,0.0,0.0,0.0,0.0
0.0,0.0,1.0,0.0,0.0,0.0,0.0,0.0
0.0,0.0,1.0,0.0,0.0,0.0,0.0,0.0
0.0,0.0,1.0,0.0,0.0,0.0,0.0,0.0
0.0,0.0,1.0,0.0,0.0,0.0,0.0,0.0
0.0,0.0,1.0,0.0,0.0,0.0,0.0,0.0
0.0,0.0,1.0,0.0,0.0,0.0,0.0,0.0
0.0,0.0,1.0,0.0,0.0,0.0,0.0,0.0
0.0,0.0,1.0,0.0,0.0,0.0,0.0,0.0
0.0,0.0,1.0,0.0,0.0,0.0,0.0,0.0
0.0,0.0,1.0,0.0,0.0,0.0,0.0,0.0
0.0,0.0,1.0,0.0,0.0,0.0,0.0,0.0
0.0,0.0,1.0,0.0,0.0,0.0,0.0,0.0
0.0,0.0,1.0,0.0,0.0,0.0,0.0,0.0
0.0,0.0,1.0,0.0,0.0,0.0,0.0,0.0
0.0,0.0,1.0,0.0,0.0,0.0,0.0,0.0
0.0,0.0,1.0,0.0,0.0,0.0,0.0,0.0
0.0,0.0,1.0,0.0,0.0,0.0,0.0,0.0
0.0,0.0,1.0,0.0,0.0,0.0,0.0,0.0
0.0,0.0,1.0,0.0,0.0,0.0,0.0,0.0
0.0,0.0,1.0,0.0,0.0,0.0,0.0,0.0
0.0,0.0,1.0,0.0,0.0,0.0,0.0,0.0
0.0,0.0,1.0,0.0,0.0,0.0,0.0,0.0
0.0,0.0,1.0,0.0,0.0,0.0,0.0,0.0
0.0,0.0,1.0,0.0,0.0,0.0,0.0,0.0
0.0,0.0,1.0,0.0,0.0,0.0,0.0,0.0
0.0,0.0,1.0,0.0,0.0,0.0,0.0,0.0
0.0,0.0,1.0,0.0,0.0,0.0,0.0,0.0
0.0,0.0,1.0,0.0,0.0,0.0,0.0,0.0
0.0,0.0,1.0,0.0,0.0,0.0,0.0,0.0
0.0,0.0,1.0,0.0,0.0,0.0,0.0,0.0
0.0,0.0,1.0,0.0,0.0,0.0,0.0,0.0
0.0,0.0,1.0,0.0,0.0,0.0,0.0,0.0
0.0,0.0,1.0,0.0,0.0,0.0,0.0,0.0
0.0,0.0,1.0,0.0,0.0,0.0,0.0,0.0
0.0,0.0,1.0,0.0,0.0,0.0,0.0,0.0
0.0,0.0,1.0,0.0,0.0,0.0,0.0,0.0
0.0,0.0,1.0,0.0,0.0,0.0,0.0,0.0
0.0,0.0,1.0,0.0,0.0,0.0,0.0,0.0
0.0,0.0,1.0,0.0,0.0,0.0,0.0,0.0
0.0,0.0,1.0,0.0,0.0,0.0,0.0,0.0
0.0,0.0,1.0,0.0,0.0,0.0,0.0,0.0
0.0,0.0,1.0,0.0,0.0,0.0,0.0,0.0
0.0,0.0,1.0,0.0,0.0,0.0,0.0,0.0
0.0,0.0,1.0,0.0,0.0,0.0,0.0,0.0
0.0,0.0,1.0,0.0,0.0,0.0,0.0,0.0
0.0,0.0,1.0,0.0,0.0,0.0,0.0,0.0
0.0,0.0,1.0,0.0,0.0,0.0,0.0,0.0
0.0,0.0,1.0,0.0,0.0,0.0,0.0,0.0
0.0,0.0,1.0,0.0,0.0,0.0,0.0,0.0
0.0,0.0,1.0,0.0,0.0,0.0,0.0,0.0
0.0,0.0,1.0,0.0,0.0,0.0,0.0,0.0
0.0,0.0,1.0,0.0,0.0,0.0,0.0,0.0
0.0,0.0,1.0,0.0,0.0,0.0,0.0,0.0
0.0,0.0,1.0,0.0,0.0,0.0,0.0,0.0
0.0,0.0,1.0,0.0,0.0,0.0,0.0,0.0
0.0,0.0,1.0,0.0,0.0,0.0,0.0,0.0
0.0,0.0,1.0,0.0,0.0,0.0,0.0,0.0
0.0,0.0,1.0,0.0,0.0,0.0,0.0,0.0
0.0,0.0,1.0,0.0,0.0,0.0,0.0,0.0
0.0,0.0,1.0,0.0,0.0,0.0,0.0,0.0
0.0,0.0,1.0,0.0,0.0,0.0,0.0,0.0
0.0,0.0,1.0,0.0,0.0,0.0,0.0,0.0
0.0,0.0,1.0,0.0,0.0,0.0,0.0,0.0
0.0,0.0,1.0,0.0,0.0,0.0,0.0,0.0
0.0,0.0,1.0,0.0,0.0,0.0,0.0,0.0
0.0,0.0,1.0,0.0,0.0,0.0,0.0,0.0
0.0,0.0,1.0,0.0,0.0,0.0,0.0,0.0
0.0,0.0,1.0,0.0,0.0,0.0,0.0,0.0
0.0,0.0,1.0,0.0,0.0,0.0,0.0,0.0
0.0,0.0,1.0,0.0,0.0,0.0,0.0,0.0
0.0,0.0,1.0,0.0,0.0,0.0,0.0,0.0
0.0,0.0,1.0,0.0,0.0,0.0,0.0,0.0
0.0,0.0,1.0,0.0,0.0,0.0,0.0,0.0
0.0,0.0,1.0,0.0,0.0,0.0,0.0,0.0
0.0,0.0,1.0,0.0,0.0,0.0,0.0,0.0
0.0,0.0,1.0,0.0,0.0,0.0,0.0,0.0
0.0,0.0,1.0,0.0,0.0,0.0,0.0,0.0
0.0,0.0,1.0,0.0,0.0,0.0,0.0,0.0
0.0,0.0,1.0,0.0,0.0,0.0,0.0,0.0
0.0,0.0,1.0,0.0,0.0,0.0,0.0,0.0
0.0,0.0,1.0,0.0,0.0,0.0,0.0,0.0
0.0,0.0,1.0,0.0,0.0,0.0,0.0,0.0
0.0,0.0,1.0,0.0,0.0,0.0,0.0,0.0
0.0,0.0,1.0,0.0,0.0,0.0,0.0,0.0
0.0,0.0,1.0,0.0,0.0,0.0,0.0,0.0
0.0,0.0,1.0,0.0,0.0,0.0,0.0,0.0
0.0,0.0,1.0,0.0,0.0,0.0,0.0,0.0
0.0,0.0,1.0,0.0,0.0,0.0,0.0,0.0
0.0,0.0,1.0,0.0,0.0,0.0,0.0,0.0
0.0,0.0,1.0,0.0,0.0,0.0,0.0,0.0
0.0,0.0,1.0,0.0,0.0,0.0,0.0,0.0
0.0,0.0,1.0,0.0,0.0,0.0,0.0,0.0
0.0,0.0,1.0,0.0,0.0,0.0,0.0,0.0
0.0,0.0,1.0,0.0,0.0,0.0,0.0,0.0
0.0,0.0,1.0,0.0,0.0,0.0,0.0,0.0
0.0,0.0,1.0,0.0,0.0,0.0,0.0,0.0
0.0,0.0,1.0,0.0,0.0,0.0,0.0,0.0
0.0,0.0,1.0,0.0,0.0,0.0,0.0,0.0
0.0,0.0,1.0,0.0,0.0,0.0,0.0,0.0
0.0,0.0,1.0,0.0,0.0,0.0,0.0,0.0
0.0,0.0,1.0,0.0,0.0,0.0,0.0,0.0
0.0,0.0,1.0,0.0,0.0,0.0,0.0,0.0
0.0,0.0,1.0,0.0,0.0,0.0,0.0,0.0
0.0,0.0,1.0,0.0,0.0,0.0,0.0,0.0
0.0,0.0,1.0,0.0,0.0,0.0,0.0,0.0
0.0,0.0,1.0,0.0,0.0,0.0,0.0,0.0
0.0,0.0,1.0,0.0,0.0,0.0,0.0,0.0
0.0,0.0,1.0,0.0,0.0,0.0,0.0,0.0
0.0,0.0,1.0,0.0,0.0,0.0,0.0,0.0
0.0,0.0,1.0,0.0,0.0,0.0,0.0,0.0
0.0,0.0,1.0,0.0,0.0,0.0,0.0,0.0
0.0,0.0,1.0,0.0,0.0,0.0,0.0,0.0
0.0,0.0,1.0,0.0,0.0,0.0,0.0,0.0
0.0,0.0,1.0,0.0,0.0,0.0,0.0,0.0
0.0,0.0,1.0,0.0,0.0,0.0,0.0,0.0
0.0,0.0,1.0,0.0,0.0,0.0,0.0,0.0
0.0,0.0,1.0,0.0,0.0,0.0,0.0,0.0
0.0,0.0,1.0,0.0,0.0,0.0,0.0,0.0
0.0,0.0,1.0,0.0,0.0,0.0,0.0,0.0
0.0,0.0,1.0,0.0,0.0,0.0,0.0,0.0
0.0,0.0,1.0,0.0,0.0,0.0,0.0,0.0
0.0,0.0,1.0,0.0,0.0,0.0,0.0,0.0
0.0,0.0,1.0,0.0,0.0,0.0,0.0,0.0
0.0,0.0,1.0,0.0,0.0,0.0,0.0,0.0
0.0,0.0,1.0,0.0,0.0,0.0,0.0,0.0
0.0,0.0,1.0,0.0,0.0,0.0,0.0,0.0
0.0,0.0,1.0,0.0,0.0,0.0,0.0,0.0
0.0,0.0,1.0,0.0,0.0,0.0,0.0,0.0
0.0,0.0,1.0,0.0,0.0,0.0,0.0,0.0
0.0,0.0,1.0,0.0,0.0,0.0,0.0,0.0
0.0,0.0,1.0,0.0,0.0,0.0,0.0,0.0
0.0,0.0,1.0,0.0,0.0,0.0,0.0,0.0
0.0,0.0,1.0,0.0,0.0,0.0,0.0,0.0
0.0,0.0,1.0,0.0,0.0,0.0,0.0,0.0
0.0,0.0,1.0,0.0,0.0,0.0,0.0,0.0
0.0,0.0,1.0,0.0,0.0,0.0,0.0,0.0
0.0,0.0,1.0,0.0,0.0,0.0,0.0,0.0
0.0,0.0,1.0,0.0,0.0,0.0,0.0,0.0
0.0,0.0,1.0,0.0,0.0,0.0,0.0,0.0
0.0,0.0,1.0,0.0,0.0,0.0,0.0,0.0
0.0,0.0,1.0,0.0,0.0,0.0,0.0,0.0
0.0,0.0,1.0,0.0,0.0,0.0,0.0,0.0
0.0,0.0,1.0,0.0,0.0,0.0,0.0,0.0
0.0,0.0,1.0,0.0,0.0,0.0,0.0,0.0
0.0,0.0,1.0,0.0,0.0,0.0,0.0,0.0
0.0,0.0,1.0,0.0,0.0,0.0,0.0,0.0
0.0,0.0,1.0,0.0,0.0,0.0,0.0,0.0
0.0,0.0,1.0,0.0,0.0,0.0,0.0,0.0
0.0,0.0,1.0,0.0,0.0,0.0,0.0,0.0
0.0,0.0,1.0,0.0,0.0,0.0,0.0,0.0
0.0,0.0,1.0,0.0,0.0,0.0,0.0,0.0
0.0,0.0,1.0,0.0,0.0,0.0,0.0,0.0
0.0,0.0,1.0,0.0,0.0,0.0,0.0,0.0
0.0,0.0,1.0,0.0,0.0,0.0,0.0,0.0
0.0,0.0,1.0,0.0,0.0,0.0,0.0,0.0
0.0,0.0,1.0,0.0,0.0,0.0,0.0,0.0
0.0,0.0,1.0,0.0,0.0,0.0,0.0,0.0
0.0,0.0,1.0,0.0,0.0,0.0,0.0,0.0
0.0,0.0,1.0,0.0,0.0,0.0,0.0,0.0
0.0,0.0,1.0,0.0,0.0,0.0,0.0,0.0
0.0,0.0,1.0,0.0,0.0,0.0,0.0,0.0
0.0,0.0,1.0,0.0,0.0,0.0,0.0,0.0
0.0,0.0,1.0,0.0,0.0,0.0,0.0,0.0
0.0,0.0,1.0,0.0,0.0,0.0,0.0,0.0
0.0,0.0,1.0,0.0,0.0,0.0,0.0,0.0
0.0,0.0,1.0,0.0,0.0,0.0,0.0,0.0
0.0,0.0,1.0,0.0,0.0,0.0,0.0,0.0
0.0,0.0,1.0,0.0,0.0,0.0,0.0,0.0
0.0,0.0,1.0,0.0,0.0,0.0,0.0,0.0
0.0,0.0,1.0,0.0,0.0,0.0,0.0,0.0
0.0,0.0,1.0,0.0,0.0,0.0,0.0,0.0
0.0,0.0,1.0,0.0,0.0,0.0,0.0,0.0
0.0,0.0,1.0,0.0,0.0,0.0,0.0,0.0
0.0,0.0,1.0,0.0,0.0,0.0,0.0,0.0
0.0,0.0,1.0,0.0,0.0,0.0,0.0,0.0
0.0,0.0,1.0,0.0,0.0,0.0,0.0,0.0
0.0,0.0,1.0,0.0,0.0,0.0,0.0,0.0
0.0,0.0,1.0,0.0,0.0,0.0,0.0,0.0
0.0,0.0,1.0,0.0,0.0,0.0,0.0,0.0
0.0,0.0,1.0,0.0,0.0,0.0,0.0,0.0
0.0,0.0,1.0,0.0,0.0,0.0,0.0,0.0
0.0,0.0,1.0,0.0,0.0,0.0,0.0,0.0
0.0,0.0,1.0,0.0,0.0,0.0,0.0,0.0
0.0,0.0,1.0,0.0,0.0,0.0,0.0,0.0
0.0,0.0,1.0,0.0,0.0,0.0,0.0,0.0
0.0,0.0,1.0,0.0,0.0,0.0,0.0,0.0
0.0,0.0,1.0,0.0,0.0,0.0,0.0,0.0
0.0,0.0,1.0,0.0,0.0,0.0,0.0,0.0
0.0,0.0,1.0,0.0,0.0,0.0,0.0,0.0
0.0,0.0,1.0,0.0,0.0,0.0,0.0,0.0
0.0,0.0,1.0,0.0,0.0,0.0,0.0,0.0
0.0,0.0,1.0,0.0,0.0,0.0,0.0,0.0
0.0,0.0,1.0,0.0,0.0,0.0,0.0,0.0
0.0,0.0,1.0,0.0,0.0,0.0,0.0,0.0
0.0,0.0,1.0,0.0,0.0,0.0,0.0,0.0
0.0,0.0,1.0,0.0,0.0,0.0,0.0,0.0
0.0,0.0,1.0,0.0,0.0,0.0,0.0,0.0
0.0,0.0,1.0,0.0,0.0,0.0,0.0,0.0
0.0,0.0,1.0,0.0,0.0,0.0,0.0,0.0
0.0,0.0,1.0,0.0,0.0,0.0,0.0,0.0
0.0,0.0,1.0,0.0,0.0,0.0,0.0,0.0
0.0,0.0,1.0,0.0,0.0,0.0,0.0,0.0
0.0,0.0,1.0,0.0,0.0,0.0,0.0,0.0
0.0,0.0,1.0,0.0,0.0,0.0,0.0,0.0
0.0,0.0,1.0,0.0,0.0,0.0,0.0,0.0
0.0,0.0,1.0,0.0,0.0,0.0,0.0,0.0
0.0,0.0,1.0,0.0,0.0,0.0,0.0,0.0
0.0,0.0,1.0,0.0,0.0,0.0,0.0,0.0
0.0,0.0,1.0,0.0,0.0,0.0,0.0,0.0
0.0,0.0,1.0,0.0,0.0,0.0,0.0,0.0
0.0,0.0,1.0,0.0,0.0,0.0,0.0,0.0
0.0,0.0,1.0,0.0,0.0,0.0,0.0,0.0
0.0,0.0,1.0,0.0,0.0,0.0,0.0,0.0
0.0,0.0,1.0,0.0,0.0,0.0,0.0,0.0
0.0,0.0,1.0,0.0,0.0,0.0,0.0,0.0
0.0,0.0,1.0,0.0,0.0,0.0,0.0,0.0
0.0,0.0,1.0,0.0,0.0,0.0,0.0,0.0
0.0,0.0,1.0,0.0,0.0,0.0,0.0,0.0
0.0,0.0,1.0,0.0,0.0,0.0,0.0,0.0
0.0,0.0,1.0,0.0,0.0,0.0,0.0,0.0
0.0,0.0,1.0,0.0,0.0,0.0,0.0,0.0
0.0,0.0,1.0,0.0,0.0,0.0,0.0,0.0
0.0,0.0,1.0,0.0,0.0,0.0,0.0,0.0
0.0,0.0,1.0,0.0,0.0,0.0,0.0,0.0
0.0,0.0,1.0,0.0,0.0,0.0,0.0,0.0
0.0,0.0,1.0,0.0,0.0,0.0,0.0,0.0
0.0,0.0,1.0,0.0,0.0,0.0,0.0,0.0
0.0,0.0,1.0,0.0,0.0,0.0,0.0,0.0
0.0,0.0,1.0,0.0,0.0,0.0,0.0,0.0
0.0,0.0,1.0,0.0,0.0,0.0,0.0,0.0
0.0,0.0,1.0,0.0,0.0,0.0,0.0,0.0
0.0,0.0,1.0,0.0,0.0,0.0,0.0,0.0
0.0,0.0,1.0,0.0,0.0,0.0,0.0,0.0
0.0,0.0,1.0,0.0,0.0,0.0,0.0,0.0
0.0,0.0,1.0,0.0,0.0,0.0,0.0,0.0
0.0,0.0,1.0,0.0,0.0,0.0,0.0,0.0
0.0,0.0,1.0,0.0,0.0,0.0,0.0,0.0
0.0,0.0,1.0,0.0,0.0,0.0,0.0,0.0
0.0,0.0,1.0,0.0,0.0,0.0,0.0,0.0
0.0,0.0,1.0,0.0,0.0,0.0,0.0,0.0
0.0,0.0,1.0,0.0,0.0,0.0,0.0,0.0
0.0,0.0,1.0,0.0,0.0,0.0,0.0,0.0
0.0,0.0,1.0,0.0,0.0,0.0,0.0,0.0
0.0,0.0,1.0,0.0,0.0,0.0,0.0,0.0
0.0,0.0,1.0,0.0,0.0,0.0,0.0,0.0
0.0,0.0,1.0,0.0,0.0,0.0,0.0,0.0
0.0,0.0,1.0,0.0,0.0,0.0,0.0,0.0
0.0,0.0,1.0,0.0,0.0,0.0,0.0,0.0
0.0,0.0,1.0,0.0,0.0,0.0,0.0,0.0
0.0,0.0,1.0,0.0,0.0,0.0,0.0,0.0
0.0,0.0,1.0,0.0,0.0,0.0,0.0,0.0
0.0,0.0,1.0,0.0,0.0,0.0,0.0,0.0
0.0,0.0,1.0,0.0,0.0,0.0,0.0,0.0
0.0,0.0,1.0,0.0,0.0,0.0,0.0,0.0
0.0,0.0,1.0,0.0,0.0,0.0,0.0,0.0
0.0,0.0,1.0,0.0,0.0,0.0,0.0,0.0
0.0,0.0,1.0,0.0,0.0,0.0,0.0,0.0
0.0,0.0,1.0,0.0,0.0,0.0,0.0,0.0
0.0,0.0,1.0,0.0,0.0,0.0,0.0,0.0
0.0,0.0,1.0,0.0,0.0,0.0,0.0,0.0
0.0,0.0,1.0,0.0,0.0,0.0,0.0,0.0
0.0,0.0,1.0,0.0,0.0,0.0,0.0,0.0
0.0,0.0,1.0,0.0,0.0,0.0,0.0,0.0
0.0,0.0,1.0,0.0,0.0,0.0,0.0,0.0
0.0,0.0,1.0,0.0,0.0,0.0,0.0,0.0
0.0,0.0,1.0,0.0,0.0,0.0,0.0,0.0
0.0,0.0,1.0,0.0,0.0,0.0,0.0,0.0
0.0,0.0,1.0,0.0,0.0,0.0,0.0,0.0
0.0,0.0,1.0,0.0,0.0,0.0,0.0,0.0
0.0,0.0,1.0,0.0,0.0,0.0,0.0,0.0
0.0,0.0,1.0,0.0,0.0,0.0,0.0,0.0
0.0,0.0,1.0,0.0,0.0,0.0,0.0,0.0
0.0,0.0,1.0,0.0,0.0,0.0,0.0,0.0
0.0,0.0,1.0,0.0,0.0,0.0,0.0,0.0
0.0,0.0,1.0,0.0,0.0,0.0,0.0,0.0
0.0,0.0,1.0,0.0,0.0,0.0,0.0,0.0
0.0,0.0,1.0,0.0,0.0,0.0,0.0,0.0
0.0,0.0,1.0,0.0,0.0,0.0,0.0,0.0
0.0,0.0,1.0,0.0,0.0,0.0,0.0,0.0
0.0,0.0,1.0,0.0,0.0,0.0,0.0,0.0
0.0,0.0,1.0,0.0,0.0,0.0,0.0,0.0
0.0,0.0,1.0,0.0,0.0,0.0,0.0,0.0
0.0,0.0,1.0,0.0,0.0,0.0,0.0,0.0
0.0,0.0,1.0,0.0,0.0,0.0,0.0,0.0
0.0,0.0,1.0,0.0,0.0,0.0,0.0,0.0
0.0,0.0,1.0,0.0,0.0,0.0,0.0,0.0
0.0,0.0,1.0,0.0,0.0,0.0,0.0,0.0
0.0,0.0,1.0,0.0,0.0,0.0,0.0,0.0
0.0,0.0,1.0,0.0,0.0,0.0,0.0,0.0
0.0,0.0,1.0,0.0,0.0,0.0,0.0,0.0
0.0,0.0,1.0,0.0,0.0,0.0,0.0,0.0
0.0,0.0,1.0,0.0,0.0,0.0,0.0,0.0
0.0,0.0,1.0,0.0,0.0,0.0,0.0,0.0
0.0,0.0,1.0,0.0,0.0,0.0,0.0,0.0
0.0,0.0,1.0,0.0,0.0,0.0,0.0,0.0
0.0,0.0,1.0,0.0,0.0,0.0,0.0,0.0
0.0,0.0,1.0,0.0,0.0,0.0,0.0,0.0
0.0,0.0,1.0,0.0,0.0,0.0,0.0,0.0
0.0,0.0,1.0,0.0,0.0,0.0,0.0,0.0
0.0,0.0,1.0,0.0,0.0,0.0,0.0,0.0
0.0,0.0,1.0,0.0,0.0,0.0,0.0,0.0
0.0,0.0,1.0,0.0,0.0,0.0,0.0,0.0
0.0,0.0,1.0,0.0,0.0,0.0,0.0,0.0
0.0,0.0,1.0,0.0,0.0,0.0,0.0,0.0
0.0,0.0,1.0,0.0,0.0,0.0,0.0,0.0
0.0,0.0,1.0,0.0,0.0,0.0,0.0,0.0
0.0,0.0,1.0,0.0,0.0,0.0,0.0,0.0
0.0,0.0,1.0,0.0,0.0,0.0,0.0,0.0
0.0,0.0,1.0,0.0,0.0,0.0,0.0,0.0
0.0,0.0,1.0,0.0,0.0,0.0,0.0,0.0
0.0,0.0,1.0,0.0,0.0,0.0,0.0,0.0
0.0,0.0,1.0,0.0,0.0,0.0,0.0,0.0
0.0,0.0,1.0,0.0,0.0,0.0,0.0,0.0
0.0,0.0,1.0,0.0,0.0,0.0,0.0,0.0
0.0,0.0,1.0,0.0,0.0,0.0,0.0,0.0
0.0,0.0,1.0,0.0,0.0,0.0,0.0,0.0
0.0,0.0,1.0,0.0,0.0,0.0,0.0,0.0
0.0,0.0,1.0,0.0,0.0,0.0,0.0,0.0
0.0,0.0,1.0,0.0,0.0,0.0,0.0,0.0
0.0,0.0,1.0,0.0,0.0,0.0,0.0,0.0
0.0,0.0,1.0,0.0,0.0,0.0,0.0,0.0
0.0,0.0,1.0,0.0,0.0,0.0,0.0,0.0
0.0,0.0,1.0,0.0,0.0,0.0,0.0,0.0
0.0,0.0,1.0,0.0,0.0,0.0,0.0,0.0
0.0,0.0,1.0,0.0,0.0,0.0,0.0,0.0
0.0,0.0,1.0,0.0,0.0,0.0,0.0,0.0
0.0,0.0,1.0,0.0,0.0,0.0,0.0,0.0
0.0,0.0,1.0,0.0,0.0,0.0,0.0,0.0
0.0,0.0,1.0,0.0,0.0,0.0,0.0,0.0
0.0,0.0,1.0,0.0,0.0,0.0,0.0,0.0
0.0,0.0,1.0,0.0,0.0,0.0,0.0,0.0
0.0,0.0,1.0,0.0,0.0,0.0,0.0,0.0
0.0,0.0,1.0,0.0,0.0,0.0,0.0,0.0
0.0,0.0,1.0,0.0,0.0,0.0,0.0,0.0
0.0,0.0,1.0,0.0,0.0,0.0,0.0,0.0
0.0,0.0,1.0,0.0,0.0,0.0,0.0,0.0
0.0,0.0,1.0,0.0,0.0,0.0,0.0,0.0
0.0,0.0,1.0,0.0,0.0,0.0,0.0,0.0
0.0,0.0,1.0,0.0,0.0,0.0,0.0,0.0
0.0,0.0,1.0,0.0,0.0,0.0,0.0,0.0
0.0,0.0,1.0,0.0,0.0,0.0,0.0,0.0
0.0,0.0,1.0,0.0,0.0,0.0,0.0,0.0
0.0,0.0,1.0,0.0,0.0,0.0,0.0,0.0
0.0,0.0,1.0,0.0,0.0,0.0,0.0,0.0
0.0,0.0,1.0,0.0,0.0,0.0,0.0,0.0
0.0,0.0,1.0,0.0,0.0,0.0,0.0,0.0
0.0,0.0,1.0,0.0,0.0,0.0,0.0,0.0
0.0,0.0,1.0,0.0,0.0,0.0,0.0,0.0
0.0,0.0,1.0,0.0,0.0,0.0,0.0,0.0
0.0,0.0,1.0,0.0,0.0,0.0,0.0,0.0
0.0,0.0,1.0,0.0,0.0,0.0,0.0,0.0
0.0,0.0,1.0,0.0,0.0,0.0,0.0,0.0
0.0,0.0,1.0,0.0,0.0,0.0,0.0,0.0
0.0,0.0,1.0,0.0,0.0,0.0,0.0,0.0
0.0,0.0,1.0,0.0,0.0,0.0,0.0,0.0
0.0,0.0,1.0,0.0,0.0,0.0,0.0,0.0
0.0,0.0,1.0,0.0,0.0,0.0,0.0,0.0
0.0,0.0,1.0,0.0,0.0,0.0,0.0,0.0
0.0,0.0,1.0,0.0,0.0,0.0,0.0,0.0
0.0,0.0,1.0,0.0,0.0,0.0,0.0,0.0
0.0,0.0,1.0,0.0,0.0,0.0,0.0,0.0
0.0,0.0,1.0,0.0,0.0,0.0,0.0,0.0
0.0,0.0,1.0,0.0,0.0,0.0,0.0,0.0
0.0,0.0,1.0,0.0,0.0,0.0,0.0,0.0
0.0,0.0,1.0,0.0,0.0,0.0,0.0,0.0
0.0,0.0,1.0,0.0,0.0,0.0,0.0,0.0
0.0,0.0,1.0,0.0,0.0,0.0,0.0,0.0
0.0,0.0,1.0,0.0,0.0,0.0,0.0,0.0
0.0,0.0,1.0,0.0,0.0,0.0,0.0,0.0
0.0,0.0,1.0,0.0,0.0,0.0,0.0,0.0
0.0,0.0,1.0,0.0,0.0,0.0,0.0,0.0
0.0,0.0,1.0,0.0,0.0,0.0,0.0,0.0
0.0,0.0,1.0,0.0,0.0,0.0,0.0,0.0
0.0,0.0,1.0,0.0,0.0,0.0,0.0,0.0
0.0,0.0,1.0,0.0,0.0,0.0,0.0,0.0
0.0,0.0,1.0,0.0,0.0,0.0,0.0,0.0
0.0,0.0,1.0,0.0,0.0,0.0,0.0,0.0
0.0,0.0,1.0,0.0,0.0,0.0,0.0,0.0
0.0,0.0,1.0,0.0,0.0,0.0,0.0,0.0
0.0,0.0,1.0,0.0,0.0,0.0,0.0,0.0
0.0,0.0,1.0,0.0,0.0,0.0,0.0,0.0
0.0,0.0,1.0,0.0,0.0,0.0,0.0,0.0
0.0,0.0,1.0,0.0,0.0,0.0,0.0,0.0
0.0,0.0,1.0,0.0,0.0,0.0,0.0,0.0
0.0,0.0,1.0,0.0,0.0,0.0,0.0,0.0
0.0,0.0,1.0,0.0,0.0,0.0,0.0,0.0
0.0,0.0,1.0,0.0,0.0,0.0,0.0,0.0
0.0,0.0,1.0,0.0,0.0,0.0,0.0,0.0
0.0,0.0,1.0,0.0,0.0,0.0,0.0,0.0
0.0,0.0,1.0,0.0,0.0,0.0,0.0,0.0
0.0,0.0,1.0,0.0,0.0,0.0,0.0,0.0
0.0,0.0,1.0,0.0,0.0,0.0,0.0,0.0
0.0,0.0,1.0,0.0,0.0,0.0,0.0,0.0
0.0,0.0,1.0,0.0,0.0,0.0,0.0,0.0
0.0,0.0,1.0,0.0,0.0,0.0,0.0,0.0
0.0,0.0,1.0,0.0,0.0,0.0,0.0,0.0
0.0,0.0,1.0,0.0,0.0,0.0,0.0,0.0
0.0,0.0,1.0,0.0,0.0,0.0,0.0,0.0
0.0,0.0,1.0,0.0,0.0,0.0,0.0,0.0
0.0,0.0,1.0,0.0,0.0,0.0,0.0,0.0
0.0,0.0,1.0,0.0,0.0,0.0,0.0,0.0
0.0,0.0,1.0,0.0,0.0,0.0,0.0,0.0
0.0,0.0,1.0,0.0,0.0,0.0,0.0,0.0
0.0,0.0,1.0,0.0,0.0,0.0,0.0,0.0
0.0,0.0,1.0,0.0,0.0,0.0,0.0,0.0
0.0,0.0,1.0,0.0,0.0,0.0,0.0,0.0
0.0,0.0,1.0,0.0,0.0,0.0,0.0,0.0
0.0,0.0,1.0,0.0,0.0,0.0,0.0,0.0
0.0,0.0,1.0,0.0,0.0,0.0,0.0,0.0
0.0,0.0,1.0,0.0,0.0,0.0,0.0,0.0
0.0,0.0,1.0,0.0,0.0,0.0,0.0,0.0
0.0,0.0,1.0,0.0,0.0,0.0,0.0,0.0
0.0,0.0,1.0,0.0,0.0,0.0,0.0,0.0
0.0,0.0,1.0,0.0,0.0,0.0,0.0,0.0
0.0,0.0,1.0,0.0,0.0,0.0,0.0,0.0
0.0,0.0,1.0,0.0,0.0,0.0,0.0,0.0
0.0,0.0,1.0,0.0,0.0,0.0,0.0,0.0
0.0,0.0,1.0,0.0,0.0,0.0,0.0,0.0
0.0,0.0,1.0,0.0,0.0,0.0,0.0,0.0
0.0,0.0,1.0,0.0,0.0,0.0,0.0,0.0
0.0,0.0,1.0,0.0,0.0,0.0,0.0,0.0
0.0,0.0,1.0,0.0,0.0,0.0,0.0,0.0
0.0,0.0,1.0,0.0,0.0,0.0,0.0,0.0
-0.0,0.08,1.02,0.12,-0.31,0.18,4.22,0.11
-0.0,0.07,1.02,0.18,-0.24,0.12,4.14,0.08
-0.0,0.07,1.02,0.18,-0.24,0.12,4.17,0.08
-0.0,0.08,1.02,0.12,-0.31,0.12,4.25,0.12
-0.0,0.08,1.02,0.18,-0.24,0.12,4.31,0.14
-0.0,0.08,1.02,0.18,-0.24,0.12,4.32,0.16
-0.0,0.08,1.02,0.18,-0.24,0.12,4.32,0.17
-0.0,0.08,1.02,0.12,-0.24,0.12,4.33,0.13
-0.0,0.08,1.02,0.12,-0.24,0.12,4.27,0.1
-0.0,0.07,1.02,0.12,-0.24,0.12,4.2,0.09
-0.0,0.08,1.02,0.12,-0.31,0.12,4.22,0.13
-0.0,0.08,1.02,0.12,-0.24,0.12,4.3,0.17
-0.0,0.08,1.02,0.12,-0.24,0.12,4.22,0.21
-0.0,0.07,1.02,0.12,-0.31,0.12,4.19,0.18
-0.0,0.07,1.02,0.18,-0.31,0.12,4.15,0.12
-0.0,0.07,1.02,0.18,-0.24,0.18,4.18,0.11
-0.0,0.08,1.02,0.18,-0.24,0.12,4.27,0.11
-0.0,0.08,1.02,0.18,-0.24,0.12,4.31,0.09
-0.0,0.08,1.02,0.18,-0.24,0.12,4.33,0.07
-0.0,0.08,1.02,0.12,-0.31,0.18,4.32,0.08
-0.0,0.08,1.02,0.12,-0.31,0.12,4.27,0.09
-0.0,0.07,1.02,0.12,-0.24,0.12,4.21,0.1
-0.0,0.07,1.02,0.12,-0.24,0.12,4.18,0.16
-0.0,0.07,1.02,0.18,-0.24,0.12,4.14,0.16
-0.0,0.07,1.02,0.18,-0.31,0.12,4.18,0.18
-0.0,0.08,1.02,0.18,-0.31,0.12,4.26,0.15
-0.0,0.08,1.02,0.18,-0.31,0.12,4.33,0.1
-0.0,0.08,1.02,0.12,-0.24,0.12,4.36,0.08
-0.0,0.08,1.02,0.12,-0.31,0.12,4.34,0.07
-0.0,0.08,1.02,0.12,-0.24,0.12,4.3,0.07
-0.0,0.08,1.02,0.12,-0.24,0.12,4.22,0.08
-0.0,0.07,1.02,0.18,-0.31,0.12,4.17,0.08
-0.0,0.07,1.02,0.18,-0.24,0.12,4.17,0.14
-0.0,0.08,1.02,0.12,-0.31,0.12,4.27,0.19
-0.0,0.07,1.02,0.18,-0.24,0.12,4.21,0.13
-0.0,0.07,1.02,0.12,-0.31,0.12,4.18,0.09
-0.0,0.08,1.02,0.18,-0.24,0.12,4.25,0.03
0.0,0.08,1.02,0.18,-0.24,0.12,4.29,-0.01
-0.0,0.08,1.02,0.12,-0.31,0.12,4.27,0.01
-0.0,0.08,1.02,0.12,-0.24,0.12,4.26,0.03
-0.0,0.08,1.02,0.12,-0.24,0.12,4.25,0.08
-0.0,0.08,1.02,0.12,-0.24,0.12,4.24,0.12
-0.0,0.08,1.02,0.18,-0.31,0.12,4.24,0.14
-0.0,0.08,1.02,0.12,-0.24,0.12,4.23,0.12
-0.0,0.08,1.02,0.12,-0.31,0.12,4.23,0.08
-0.0,0.08,1.02,0.12,-0.31,0.12,4.24,0.1
-0.0,0.08,1.02,0.18,-0.24,0.12,4.23,0.11
-0.0,0.08,1.02,0.18,-0.24,0.12,4.25,0.12
-0.0,0.08,1.02,0.18,-0.24,0.18,4.28,0.12
-0.0,0.08,1.02,0.12,-0.24,0.12,4.29,0.09
-0.0,0.08,1.02,0.12,-0.24,0.12,4.27,0.1
-0.0,0.08,1.02,0.12,-0.24,0.12,4.23,0.11
-0.0,0.08,1.02,0.18,-0.24,0.06,4.22,0.12
-0.0,0.07,1.02,0.18,-0.31,0.12,4.2,0.16
-0.0,0.08,1.02,0.12,-0.18,0.12,4.22,0.18
-0.0,0.07,1.02,0.12,-0.24,0.12,4.16,0.13
-0.0,0.07,1.02,0.12,-0.24,0.12,4.17,0.19
-0.0,0.07,1.02,0.18,-0.31,0.12,4.2,0.18
-0.0,0.08,1.02,0.18,-0.24,0.12,4.24,0.13
-0.0,0.08,1.02,0.18,-0.24,0.12,4.27,0.08
-0.0,0.08,1.02,0.18,-0.24,0.12,4.32,0.08
-0.0,0.08,1.02,0.18,-0.24,0.12,4.36,0.08
-0.0,0.08,1.02,0.18,-0.31,0.12,4.33,0.05
-0.0,0.08,1.02,0.18,-0.31,0.12,4.31,0.06
-0.0,0.08,1.02,0.12,-0.24,0.12,4.26,0.12
-0.0,0.07,1.02,0.12,-0.24,0.12,4.19,0.14
-0.0,0.07,1.02,0.12,-0.24,0.12,4.17,0.19
-0.0,0.07,1.02,0.18,-0.31,0.18,4.19,0.23
-0.0,0.07,1.02,0.18,-0.31,0.12,4.21,0.24
-0.0,0.07,1.02,0.18,-0.24,0.12,4.21,0.21
-0.0,0.08,1.02,0.18,-0.24,0.12,4.23,0.12
-0.0,0.08,1.02,0.18,-0.24,0.18,4.28,0.06
0.0,0.08,1.02,0.12,-0.24,0.18,4.31,0.0
0.0,0.08,1.02,0.18,-0.24,0.12,4.31,-0.02
0.0,0.08,1.02,0.12,-0.24,0.18,4.25,-0.03
-0.0,0.07,1.02,0.12,-0.24,0.12,4.21,0.08
-0.0,0.07,1.02,0.18,-0.24,0.12,4.2,0.24
-0.01,0.07,1.02,0.12,-0.24,0.12,4.19,0.29
-0.01,0.07,1.02,0.18,-0.31,0.12,4.2,0.28
-0.0,0.08,1.02,0.12,-0.31,0.12,4.23,0.19
-0.0,0.08,1.02,0.12,-0.24,0.12,4.25,0.12
-0.0,0.08,1.02,0.18,-0.24,0.12,4.26,0.04
0.0,0.08,1.02,0.24,-0.24,0.12,4.27,-0.04
0.0,0.08,1.02,0.18,-0.24,0.12,4.31,-0.05
0.0,0.08,1.02,0.18,-0.24,0.12,4.32,-0.03
-0.0,0.08,1.02,0.18,-0.24,0.18,4.28,0.06
-0.0,0.08,1.02,0.12,-0.24,0.12,4.25,0.17
-0.0,0.08,1.02,0.12,-0.24,0.12,4.24,0.25
-0.01,0.07,1.02,0.18,-0.24,0.12,4.19,0.3
-0.01,0.07,1.02,0.18,-0.24,0.12,4.15,0.28
-0.0,0.08,1.02,0.18,-0.24,0.12,4.22,0.21
-0.0,0.08,1.02,0.18,-0.31,0.12,4.28,0.11
-0.0,0.08,1.02,0.18,-0.31,0.12,4.3,0.03
0.0,0.08,1.02,0.18,-0.31,0.12,4.33,-0.02
0.0,0.08,1.02,0.18,-0.24,0.12,4.34,-0.03
-0.0,0.08,1.02,0.12,-0.24,0.12,4.33,0.01
-0.0,0.08,1.02,0.12,-0.24,0.12,4.29,0.1
-0.0,0.07,1.02,0.18,-0.24,0.18,4.13,0.25
-0.0,0.07,1.02,0.18,-0.31,0.12,4.08,0.25
-0.0,0.07,1.02,0.18,-0.31,0.18,4.13,0.22
-0.0,0.08,1.02,0.06,-0.18,-0.31,4.28,0.15
-0.01,0.07,1.02,0.12,-0.24,-0.06,4.13,0.49
-0.01,0.07,1.02,0.24,-0.43,0.12,4.0,0.52
-0.0,0.07,1.02,0.37,-0.43,0.18,3.99,0.26
-0.0,0.07,1.02,0.37,-0.37,0.18,4.04,0.12
-0.0,0.08,1.02,0.37,-0.24,0.12,4.36,0.14
-0.0,0.08,1.02,0.18,-0.37,0.31,4.48,0.16
-0.0,0.08,1.01,0.06,-0.31,0.31,4.76,0.16
0.0,0.08,1.01,-0.12,-0.43,0.37,4.67,-0.02
0.0,0.08,1.02,0.12,-0.43,0.43,4.42,-0.23
-0.0,0.08,1.02,0.0,-0.24,0.49,4.25,0.06
-0.0,0.07,1.03,0.18,-0.37,0.43,3.86,0.21
-0.0,0.07,1.03,0.31,-0.31,0.31,3.79,0.05
-0.0,0.07,1.02,0.49,-0.18,0.12,3.74,0.1
-0.0,0.07,1.02,0.49,-0.24,0.12,4.01,0.21
-0.01,0.08,1.02,0.49,-0.12,0.24,4.42,0.34
-0.01,0.08,1.01,0.37,-0.31,0.43,4.62,0.29
-0.0,0.08,1.01,0.37,-0.24,0.43,4.59,0.12
-0.0,0.08,1.01,0.31,-0.24,0.49,4.56,0.16
0.0,0.08,1.02,0.18,-0.43,0.49,4.35,-0.03
0.0,0.07,1.02,0.24,-0.31,0.43,4.1,-0.14
-0.0,0.07,1.02,0.24,-0.18,0.43,4.08,0.03
-0.0,0.07,1.02,0.31,-0.24,0.31,4.12,0.14
-0.01,0.08,1.02,0.37,-0.24,0.43,4.29,0.41
-0.03,0.09,1.02,0.43,0.0,0.98,5.12,1.67
-0.06,0.11,1.01,0.49,0.12,2.62,6.11,3.28
-0.07,0.12,1.01,0.43,0.12,4.88,6.56,3.74
-0.06,0.11,1.01,0.37,0.43,7.2,6.41,3.59
-0.07,0.09,1.01,0.31,0.73,9.52,5.28,3.82
-0.05,0.07,1.02,0.18,0.67,11.9,3.67,2.64
-0.02,0.06,1.03,0.24,1.04,13.55,3.32,0.99
-0.03,0.08,1.03,0.49,1.4,14.95,4.29,1.77
-0.05,0.09,1.02,0.37,1.28,17.21,4.9,2.69
-0.03,0.07,1.01,0.37,1.34,19.35,4.2,1.51
-0.01,0.06,1.02,0.49,1.83,20.94,3.63,0.64
-0.02,0.07,1.02,0.49,2.08,22.71,4.21,1.21
-0.03,0.09,1.02,0.31,2.08,24.6,5.04,1.54
-0.02,0.1,1.02,0.37,2.5,26.92,5.61,1.27
-0.02,0.1,1.02,0.31,2.75,28.99,5.39,0.95
-0.01,0.09,1.02,0.37,2.75,30.7,5.07,0.3
0.01,0.09,1.02,0.49,2.81,31.86,5.29,-0.78
0.03,0.09,1.02,0.55,3.05,32.96,5.1,-1.41
0.04,0.08,1.03,0.73,3.11,33.87,4.52,-2.16
0.05,0.09,1.05,1.59,3.36,34.36,4.77,-2.88
0.05,0.1,1.06,3.23,3.36,35.16,5.58,-2.72
0.05,0.12,1.07,5.25,3.11,36.62,6.32,-2.87
0.08,0.13,1.08,7.63,3.23,37.96,6.75,-4.29
0.09,0.13,1.06,9.52,4.64,39.67,6.89,-4.6
0.08,0.12,1.05,9.64,7.87,42.18,6.68,-4.18
0.08,0.12,1.04,8.12,12.08,44.49,6.58,-4.32
0.08,0.11,1.03,5.49,18.01,47.18,6.33,-4.46
0.1,0.09,1.03,1.77,23.86,49.32,5.24,-5.27
0.11,0.08,1.05,-1.71,28.69,50.29,4.44,-5.93
0.1,0.09,1.09,-4.03,31.92,50.54,4.67,-5.36
0.08,0.1,1.12,-5.37,33.26,50.96,4.94,-4.31
0.07,0.1,1.14,-5.86,33.39,51.51,4.78,-3.65
0.06,0.09,1.15,-6.1,32.65,52.37,4.48,-2.86
0.04,0.08,1.15,-6.59,30.82,53.65,3.84,-1.96
0.02,0.07,1.15,-7.39,27.83,55.36,3.34,-0.95
0.01,0.06,1.15,-8.48,23.25,57.31,2.88,-0.25
0.0,0.05,1.15,-9.52,17.4,58.9,2.39,-0.2
0.01,0.04,1.14,-10.19,11.11,60.06,2.21,-0.26
0.01,0.04,1.14,-10.31,5.55,60.79,2.05,-0.66
0.02,0.04,1.12,-10.07,1.83,61.1,1.8,-1.24
0.03,0.03,1.1,-10.07,0.06,61.28,1.41,-1.52
0.03,0.02,1.08,-10.25,0.18,61.83,1.12,-1.53
0.03,0.02,1.08,-10.31,1.53,62.5,1.23,-1.71
0.03,0.03,1.07,-10.38,3.85,63.35,1.35,-1.72
0.02,0.02,1.06,-10.56,6.29,64.76,1.1,-1.33
0.02,0.02,1.05,-10.56,9.16,66.77,1.19,-0.94
0.01,0.03,1.05,-10.31,12.21,69.27,1.58,-0.75
0.01,0.03,1.05,-9.7,15.14,71.84,1.52,-0.73
0.02,0.02,1.05,-9.34,17.64,74.34,1.17,-0.83
0.02,0.02,1.04,-9.28,19.65,76.6,1.1,-1.1
0.02,0.02,1.05,-9.16,21.06,78.55,1.25,-1.29
0.03,0.02,1.04,-9.03,21.36,79.96,0.98,-1.73
0.04,0.01,1.04,-8.97,20.69,80.63,0.71,-2.16
0.04,0.02,1.04,-8.48,19.04,80.99,1.13,-2.02
0.03,0.03,1.04,-7.81,16.97,81.48,1.54,-1.39
0.02,0.02,1.04,-7.2,14.89,82.28,1.36,-1.07
0.02,0.02,1.02,-7.02,13.06,82.89,1.11,-1.2
0.02,0.02,1.01,-7.2,11.66,83.5,1.36,-1.14
0.02,0.03,1.01,-7.57,11.11,84.11,1.55,-1.06
0.02,0.03,1.01,-7.45,11.29,84.66,1.51,-1.21
0.03,0.03,1.02,-6.47,11.78,84.84,1.7,-1.49
0.02,0.03,1.02,-5.07,12.51,85.02,1.94,-1.16
0.01,0.04,1.01,-3.91,13.24,85.63,2.28,-0.37
-0.01,0.04,1.01,-3.17,14.04,86.79,2.49,0.28
-0.02,0.04,0.99,-2.81,14.77,88.13,2.37,1.05
-0.04,0.04,0.99,-2.81,15.5,89.84,2.32,2.33
-0.06,0.05,0.99,-2.81,15.87,91.92,2.78,3.21
-0.07,0.05,1.02,-2.69,16.36,94.12,2.81,3.95
-0.05,0.05,1.03,-0.55,15.81,95.03,2.69,2.51
-0.02,0.05,1.02,1.53,16.11,94.67,2.92,1.18
-0.03,0.05,1.01,3.05,15.87,93.51,2.8,1.63
-0.03,0.04,0.98,3.48,15.75,91.19,2.55,1.59
-0.04,0.03,0.98,2.26,15.81,88.87,1.71,2.38
-0.03,0.03,0.99,1.59,15.56,86.36,1.72,2.01
-0.02,0.04,0.97,0.37,15.08,83.62,2.55,1.43
-0.03,0.05,0.97,-0.73,14.47,81.36,2.85,1.91
-0.06,0.06,0.96,-1.89,13.67,79.59,3.7,3.52
-0.08,0.07,0.99,-2.81,12.51,79.16,3.97,4.61
-0.08,0.07,1.02,-1.89,11.54,78.92,3.82,4.45
-0.08,0.08,1.01,-0.31,10.07,78.61,4.8,4.33
-0.08,0.1,1.0,1.53,9.4,79.28,5.54,4.29
-0.08,0.1,1.0,3.42,9.09,80.2,5.67,4.46
-0.09,0.1,0.99,5.0,9.52,81.36,5.88,4.92
-0.1,0.11,0.98,5.98,10.62,83.07,6.07,5.56
-0.09,0.1,0.98,6.71,12.02,84.84,6.04,5.03
-0.07,0.1,0.98,7.81,13.55,85.82,5.89,3.84
-0.06,0.1,0.98,9.09,14.47,86.06,5.9,3.27
-0.06,0.11,0.98,10.25,15.08,86.0,6.36,3.44
-0.07,0.12,0.98,11.17,16.05,86.43,6.84,4.34
-0.08,0.12,0.97,11.6,17.15,87.71,7.25,4.94
-0.08,0.13,0.96,11.84,18.55,89.11,7.74,4.89
-0.08,0.13,0.96,11.96,19.65,90.27,7.71,4.81
-0.07,0.12,0.96,12.15,20.14,90.58,7.34,4.37
-0.06,0.12,0.96,12.57,19.96,90.03,7.39,3.79
-0.06,0.13,0.96,13.18,19.65,88.93,7.73,3.73
-0.07,0.14,0.96,14.28,19.65,88.2,8.36,4.25
-0.08,0.16,0.96,15.38,20.14,87.89,9.16,4.54
-0.08,0.15,0.95,16.17,21.3,87.59,9.16,4.52
-0.08,0.15,0.94,16.66,22.64,86.98,8.74,4.76
-0.09,0.15,0.94,17.27,23.5,86.24,8.79,5.45
-0.1,0.15,0.96,18.74,23.38,85.45,9.11,5.88
-0.1,0.18,0.97,21.61,22.58,84.59,10.15,5.76
-0.12,0.2,0.98,25.33,22.03,84.41,11.65,6.63
-0.13,0.2,0.95,28.14,22.46,85.33,12.02,7.86
-0.14,0.2,0.93,29.54,24.11,86.24,11.78,8.16
-0.13,0.2,0.92,29.85,25.76,86.61,11.92,8.0
-0.13,0.2,0.92,30.03,26.67,85.88,12.17,7.65
-0.11,0.2,0.92,30.15,26.12,83.8,12.16,6.94
-0.1,0.2,0.92,30.7,24.35,80.26,12.13,6.26
-0.1,0.22,0.93,32.41,21.97,76.29,13.2,6.28
-0.12,0.25,0.93,34.55,20.08,73.24,14.71,7.33
-0.15,0.26,0.92,36.44,19.53,71.9,15.8,8.64
-0.16,0.27,0.91,37.6,20.39,71.72,16.53,9.36
-0.16,0.28,0.89,37.54,22.09,71.9,16.9,9.51
-0.15,0.28,0.89,36.74,24.29,71.78,17.1,9.23
-0.15,0.28,0.9,36.07,26.37,71.29,17.18,9.22
-0.15,0.29,0.92,36.56,27.59,70.37,17.35,8.7
-0.13,0.31,0.94,38.7,27.77,68.85,18.07,7.75
-0.13,0.33,0.95,41.69,27.47,67.14,19.27,7.12
-0.13,0.35,0.94,44.43,28.02,65.73,20.24,7.41
-0.14,0.35,0.91,45.53,29.54,65.0,20.65,8.26
-0.14,0.34,0.89,44.86,31.43,64.51,20.74,8.59
-0.15,0.34,0.88,43.52,32.78,63.78,20.92,8.71
-0.14,0.35,0.89,42.11,32.9,62.62,21.3,8.18
-0.12,0.37,0.9,41.5,31.8,60.55,21.94,7.06
-0.12,0.39,0.91,41.69,30.09,58.17,22.9,6.66
-0.12,0.4,0.91,42.18,28.38,56.4,23.64,7.09
-0.13,0.42,0.91,42.79,27.04,55.3,24.43,7.49
-0.14,0.43,0.89,42.97,26.67,55.05,25.25,8.19
-0.15,0.43,0.88,42.24,26.86,55.42,25.81,8.82
-0.15,0.44,0.87,40.89,27.04,55.66,26.61,8.6
-0.14,0.45,0.87,39.12,27.1,55.24,27.02,8.28
-0.13,0.45,0.87,37.29,26.49,53.83,26.95,7.84
-0.12,0.45,0.87,35.95,24.78,51.57,27.19,7.19
-0.12,0.47,0.88,35.71,22.22,48.58,27.75,6.96
-0.13,0.49,0.89,36.32,19.47,45.96,28.36,7.29
-0.14,0.5,0.89,37.48,17.09,44.07,28.9,7.82
-0.15,0.51,0.89,38.88,15.2,43.03,29.37,8.22
-0.15,0.5,0.87,39.79,13.55,42.36,29.6,8.52
-0.15,0.5,0.86,40.41,12.08,41.56,29.82,8.56
-0.14,0.51,0.85,40.83,10.44,40.53,30.36,8.16
-0.14,0.52,0.85,41.2,9.16,39.25,30.99,7.94
-0.13,0.52,0.84,41.26,8.54,37.84,31.44,7.7
-0.12,0.52,0.84,41.44,8.36,36.07,31.7,7.17
-0.11,0.53,0.84,42.05,8.12,34.0,32.11,6.57
-0.11,0.55,0.85,43.46,7.93,31.98,32.95,5.94
-0.11,0.57,0.85,45.17,8.54,30.4,33.83,5.9
-0.11,0.57,0.83,46.45,10.44,29.66,34.36,6.48
-0.12,0.56,0.81,46.45,13.0,29.36,34.58,7.08
-0.12,0.55,0.79,45.53,14.89,28.87,34.68,7.14
-0.12,0.55,0.78,44.31,15.81,27.89,35.01,7.1
-0.12,0.57,0.78,43.33,15.99,26.73,35.62,7.28
-0.13,0.59,0.78,42.97,15.93,26.25,36.51,7.46
-0.14,0.62,0.79,43.46,16.36,26.73,37.6,8.01
-0.15,0.63,0.79,44.07,17.64,28.38,38.32,8.59
-0.15,0.63,0.77,44.25,19.29,30.4,38.58,8.71
-0.14,0.62,0.76,43.76,20.14,31.31,38.71,7.94
-0.12,0.62,0.76,43.4,20.14,30.7,38.76,6.78
-0.11,0.63,0.77,43.82,18.98,29.05,39.17,6.02
-0.1,0.65,0.78,44.74,17.82,27.28,39.71,5.58
-0.09,0.65,0.77,45.72,16.97,25.33,40.07,5.36
-0.1,0.66,0.76,46.51,16.91,23.93,40.59,5.75
-0.11,0.66,0.75,46.81,17.33,23.25,41.2,6.32
-0.11,0.67,0.74,46.45,18.13,22.71,41.84,6.17
-0.11,0.67,0.73,45.35,19.1,22.03,42.34,6.11
-0.11,0.67,0.72,44.07,19.84,21.24,42.62,6.43
-0.11,0.68,0.72,43.03,19.96,20.63,43.04,6.49
-0.11,0.69,0.72,42.54,19.35,19.96,43.4,6.17
-0.1,0.7,0.72,42.66,18.07,18.92,43.74,5.51
-0.09,0.71,0.72,43.21,16.6,17.46,44.15,4.96
-0.09,0.71,0.72,43.95,15.5,16.3,44.53,4.94
-0.09,0.71,0.7,44.74,14.89,15.75,44.93,5.17
-0.09,0.71,0.7,45.53,14.34,15.81,45.23,5.23
-0.09,0.72,0.7,46.69,13.37,15.99,45.54,5.17
-0.09,0.72,0.68,47.67,12.02,16.24,46.06,5.26
-0.09,0.72,0.67,48.16,10.93,16.66,46.69,5.24
-0.08,0.72,0.66,48.4,9.77,16.78,47.22,4.52
-0.07,0.72,0.65,48.4,8.91,16.3,47.76,3.85
-0.07,0.72,0.64,47.97,8.54,15.81,48.26,3.91
-0.07,0.73,0.63,47.55,8.54,15.63,48.88,3.9
-0.07,0.73,0.62,47.0,8.67,15.5,49.38,3.95
-0.07,0.74,0.62,47.18,7.93,15.38,49.68,3.86
-0.06,0.75,0.62,48.22,6.77,15.14,50.24,3.63
-0.07,0.76,0.61,49.62,5.43,15.32,50.98,4.04
-0.09,0.77,0.6,51.27,4.52,16.42,51.75,5.11
-0.1,0.78,0.59,52.43,4.15,18.25,52.68,5.7
-0.09,0.77,0.56,52.31,4.33,19.65,53.6,5.32
-0.08,0.77,0.55,51.27,4.46,20.08,54.16,4.74
-0.07,0.77,0.55,49.93,4.33,19.65,54.59,3.93
-0.05,0.78,0.54,48.46,4.52,18.68,55.15,3.23
-0.05,0.79,0.54,47.3,4.76,17.21,55.45,2.76
-0.04,0.8,0.54,46.75,4.7,15.5,55.75,2.56
-0.05,0.81,0.54,46.69,4.52,14.22,56.33,2.88
-0.05,0.82,0.53,46.94,4.46,13.55,56.75,3.13
-0.05,0.82,0.52,47.24,4.46,13.0,57.46,2.98
-0.05,0.82,0.51,47.24,4.88,12.51,58.37,2.98
-0.06,0.83,0.5,47.42,5.49,12.63,58.7,3.58
-0.06,0.85,0.5,47.79,6.35,13.49,59.13,3.62
-0.05,0.85,0.49,47.73,8.0,14.28,59.75,3.07
-0.05,0.85,0.49,47.3,9.89,14.77,60.12,2.67
-0.03,0.84,0.47,46.2,11.66,14.65,60.6,1.97
-0.02,0.84,0.46,44.68,13.12,13.92,61.0,1.33
-0.02,0.84,0.46,43.15,13.85,12.76,61.14,1.28
-0.02,0.85,0.46,41.99,13.49,11.66,61.21,1.43
-0.02,0.85,0.46,41.08,12.08,10.44,61.59,1.34
-0.03,0.86,0.46,40.47,10.19,9.34,62.0,1.69
-0.04,0.86,0.45,40.04,7.81,8.73,62.49,2.09
-0.05,0.87,0.44,39.67,5.92,8.73,62.99,2.75
-0.06,0.87,0.43,39.25,4.39,9.7,63.73,3.38
-0.06,0.88,0.41,38.7,3.72,11.17,64.61,3.42
-0.06,0.89,0.41,38.27,3.23,12.82,64.92,3.49
-0.05,0.89,0.41,37.96,2.69,14.28,65.2,3.1
-0.04,0.89,0.4,37.48,2.26,15.14,65.64,2.49
-0.03,0.88,0.39,36.62,2.14,15.38,66.16,1.95
-0.02,0.88,0.37,35.28,2.01,14.77,66.89,1.19
-0.01,0.87,0.37,33.75,1.89,13.49,67.1,0.89
-0.01,0.87,0.36,32.35,1.16,12.08,67.2,0.71
-0.0,0.87,0.35,31.13,0.43,10.31,67.76,0.19
-0.0,0.87,0.35,30.09,0.18,8.73,67.92,0.25
-0.01,0.88,0.35,29.36,0.98,7.87,68.36,0.73
-0.02,0.89,0.33,28.2,2.32,7.51,69.28,0.92
-0.02,0.89,0.33,26.73,3.85,7.32,69.75,1.05
-0.02,0.89,0.32,25.45,5.07,7.32,69.89,1.26
-0.02,0.89,0.32,24.11,5.8,7.14,70.2,1.14
-0.02,0.89,0.32,22.77,6.41,6.84,70.38,1.17
-0.02,0.9,0.31,21.24,7.02,6.53,70.74,0.97
-0.01,0.89,0.3,19.35,7.81,6.04,71.31,0.81
-0.02,0.89,0.3,17.33,8.54,5.68,71.6,1.08
-0.02,0.89,0.3,15.38,8.85,5.25,71.71,0.96
-0.01,0.9,0.3,13.85,8.12,4.39,71.57,0.5
-0.0,0.9,0.3,13.0,6.29,3.11,71.45,0.24
-0.0,0.9,0.3,12.51,3.85,1.65,71.53,0.27
-0.0,0.91,0.3,12.39,1.34,0.24,71.8,0.27
-0.01,0.91,0.3,12.33,-0.43,-0.61,72.04,0.48
-0.02,0.92,0.29,12.7,-1.34,-0.61,72.2,1.19
-0.02,0.93,0.29,13.12,-1.89,0.0,72.46,1.41
-0.02,0.93,0.29,13.61,-1.95,0.67,72.57,1.22
-0.02,0.93,0.29,13.98,-1.71,1.4,72.85,1.02
-0.02,0.93,0.28,14.28,-1.04,2.14,73.03,0.96
-0.02,0.93,0.28,14.53,-0.49,2.75,73.03,0.97
-0.01,0.92,0.28,14.83,-0.12,3.11,72.98,0.72
-0.01,0.92,0.28,15.08,0.0,3.17,72.9,0.56
-0.01,0.92,0.28,14.83,0.43,3.36,73.21,0.74
-0.01,0.91,0.27,13.85,1.1,3.36,73.8,0.55
0.0,0.91,0.26,12.51,1.65,2.75,73.85,0.0
0.0,0.91,0.27,11.54,1.34,1.83,73.52,-0.04
-0.0,0.91,0.27,10.68,0.67,0.79,73.57,0.15
-0.01,0.91,0.27,9.95,0.24,0.18,73.71,0.62
-0.01,0.92,0.26,9.28,0.37,-0.06,74.0,0.86
-0.02,0.92,0.26,8.54,1.34,0.0,74.25,1.07
-0.02,0.92,0.26,8.06,1.95,0.31,74.17,1.3
-0.02,0.92,0.26,7.87,2.01,0.37,74.18,1.13
-0.02,0.92,0.26,7.87,1.71,0.18,74.51,0.98
-0.01,0.93,0.25,7.93,1.22,-0.18,74.66,0.87
-0.02,0.93,0.26,8.36,0.79,-0.49,74.47,1.03
-0.02,0.93,0.26,9.03,0.43,-0.49,74.61,1.26
-0.02,0.93,0.25,9.58,0.37,-0.31,75.01,1.21
-0.02,0.93,0.25,10.07,0.73,0.0,75.13,1.21
-0.02,0.93,0.24,10.44,1.59,0.61,75.46,1.3
-0.02,0.93,0.24,10.74,2.75,1.34,75.72,1.34
-0.01,0.93,0.24,11.11,3.42,1.83,75.74,0.77
-0.0,0.93,0.24,11.66,3.66,1.65,75.7,0.01
-0.0,0.93,0.24,12.45,3.17,1.1,75.66,0.01
0.0,0.93,0.23,13.24,2.26,0.55,75.94,-0.03
0.0,0.93,0.23,14.04,1.71,0.24,76.09,-0.01
-0.0,0.93,0.23,14.71,1.59,0.31,76.28,0.22
-0.01,0.93,0.22,15.14,1.89,0.73,76.6,0.37
-0.01,0.93,0.22,15.38,2.2,1.28,76.79,0.47
-0.0,0.92,0.21,15.26,2.69,1.89,77.18,0.26
-0.0,0.92,0.21,14.71,3.17,2.2,77.36,0.04
-0.0,0.92,0.21,13.98,3.36,2.44,77.4,0.02
0.0,0.92,0.2,13.0,3.36,2.5,77.47,-0.08
0.0,0.91,0.21,11.9,2.75,2.44,77.23,-0.16
0.02,0.88,0.22,8.06,0.31,-0.43,75.82,-1.06
0.0,0.92,0.21,-5.37,-4.33,-4.52,77.36,-0.18
-0.01,0.96,0.19,4.03,-0.79,0.85,78.84,0.87
0.0,0.93,0.2,9.03,1.04,1.89,77.75,-0.07
0.0,0.92,0.21,8.42,0.43,1.53,77.42,-0.13
0.0,0.93,0.21,8.06,-0.43,1.16,77.46,-0.07
-0.0,0.93,0.2,7.75,-1.1,0.67,77.66,0.04
-0.01,0.93,0.2,7.51,-1.65,0.55,77.64,0.6
-0.02,0.93,0.2,7.51,-1.71,1.1,77.72,1.09
-0.02,0.93,0.19,7.2,-1.28,1.71,78.15,1.06
-0.01,0.93,0.19,6.65,-0.49,1.95,78.68,0.38
-0.0,0.93,0.19,6.1,0.49,1.89,78.66,0.22
-0.0,0.93,0.19,6.16,0.85,1.71,78.17,0.28
-0.0,0.93,0.2,6.59,0.73,1.34,77.95,0.07
-0.0,0.93,0.2,7.14,0.24,0.73,78.13,0.06
-0.0,0.94,0.19,7.63,-0.37,0.12,78.37,0.08
-0.0,0.94,0.19,8.06,-1.1,-0.37,78.44,0.24
-0.01,0.94,0.19,8.54,-1.71,-0.61,78.48,0.58
-0.01,0.94,0.19,8.85,-2.08,-0.55,78.77,0.72
-0.01,0.94,0.18,9.03,-1.71,-0.31,79.06,0.78
-0.01,0.94,0.18,9.16,-1.28,0.12,79.05,0.72
-0.01,0.94,0.18,9.28,-0.73,0.43,79.04,0.67
-0.01,0.94,0.18,9.28,-0.18,0.73,79.09,0.69
-0.01,0.94,0.18,9.09,0.43,1.1,79.22,0.49
-0.0,0.94,0.18,8.85,0.73,1.04,79.2,0.19
0.01,0.94,0.18,8.67,0.43,0.61,79.26,-0.3
0.01,0.94,0.17,8.36,-0.18,-0.12,79.46,-0.48
-0.0,0.94,0.18,8.3,-0.98,-0.61,79.23,0.06
-0.01,0.94,0.18,8.36,-1.59,-0.61,79.28,0.49
-0.01,0.94,0.17,8.36,-2.14,-0.55,79.47,0.48
-0.01,0.94,0.17,8.3,-2.62,-0.55,79.53,0.48
-0.01,0.94,0.17,8.18,-2.69,-0.31,79.6,0.7
-0.01,0.94,0.17,7.81,-2.26,0.37,79.87,0.86
0.01,0.95,0.17,5.37,1.16,1.77,79.69,-0.38
0.01,0.95,0.18,5.98,0.61,1.16,79.48,-0.82
0.01,0.95,0.17,6.71,-0.06,0.43,79.56,-0.59
0.0,0.95,0.17,7.26,-0.61,0.18,79.84,-0.18
-0.0,0.95,0.16,7.57,-0.73,0.12,80.14,0.02
0.0,0.94,0.16,7.57,-0.79,0.12,80.39,-0.07
0.0,0.94,0.15,7.45,-0.79,0.06,80.64,-0.21
-0.0,0.94,0.15,7.32,-0.67,0.12,80.78,0.08
-0.01,0.94,0.15,7.26,-0.55,0.61,80.78,0.41
-0.01,0.94,0.15,7.26,-0.43,1.1,80.73,0.37
-0.0,0.94,0.15,7.57,-0.55,1.53,80.64,0.21
0.0,0.94,0.15,7.75,-0.61,1.65,80.82,-0.16
0.01,0.94,0.14,7.69,-0.37,1.53,81.19,-0.34
0.0,0.93,0.14,7.51,0.06,1.46,81.36,-0.05
-0.0,0.93,0.14,7.51,0.61,1.71,81.2,0.22
0.0,0.93,0.14,7.26,0.98,1.77,81.56,-0.05
0.01,0.93,0.13,6.77,1.28,1.4,82.03,-0.55
0.01,0.93,0.13,6.35,1.46,0.92,81.95,-0.39
0.0,0.94,0.13,6.29,1.34,0.61,81.79,-0.13
0.0,0.94,0.14,6.53,0.98,0.37,81.68,-0.12
-0.0,0.94,0.14,7.08,0.43,0.24,81.38,0.26
-0.01,0.94,0.14,7.81,-0.24,0.31,81.35,0.51
-0.01,0.94,0.14,8.24,-0.37,0.49,81.82,0.42
-0.01,0.94,0.13,8.18,0.18,0.79,82.35,0.64
-0.01,0.94,0.12,7.87,0.92,1.28,82.56,0.77
-0.01,0.94,0.12,7.51,1.71,1.65,82.47,0.51
-0.0,0.94,0.13,7.26,2.14,1.65,82.39,0.18
0.0,0.94,0.13,7.08,2.2,1.22,82.33,-0.27
0.01,0.95,0.13,7.08,2.08,0.67,82.26,-0.44
0.01,0.95,0.13,7.2,1.77,0.12,82.15,-0.37
0.0,0.95,0.13,7.57,1.4,-0.37,82.05,-0.29
0.0,0.95,0.13,7.81,1.1,-0.73,82.26,-0.24
0.0,0.94,0.12,7.81,0.92,-0.98,82.64,-0.28
0.01,0.94,0.12,7.57,0.85,-1.22,82.85,-0.31
0.0,0.95,0.12,7.2,0.92,-1.28,82.89,-0.15
-0.0,0.95,0.12,6.9,1.04,-1.16,82.77,0.07
-0.0,0.95,0.12,6.71,1.22,-0.67,82.87,0.15
-0.0,0.95,0.12,6.47,1.53,-0.12,83.06,0.16
-0.0,0.95,0.12,6.16,1.89,0.55,82.96,0.27
-0.01,0.95,0.12,6.1,2.2,1.28,82.87,0.38
-0.0,0.95,0.12,5.98,2.08,1.83,82.82,0.29
0.0,0.95,0.12,5.68,1.59,1.95,82.97,0.0
0.01,0.94,0.1,3.54,-0.92,-0.92,83.86,-0.56
0.01,0.94,0.1,3.6,-0.18,-1.1,83.95,-0.47
0.01,0.94,0.1,3.66,0.49,-1.28,83.93,-0.51
0.0,0.94,0.1,4.03,0.92,-1.34,83.7,-0.21
-0.0,0.94,0.1,4.39,0.92,-1.16,83.65,0.09
-0.0,0.94,0.1,4.64,0.73,-0.92,83.81,0.1
-0.0,0.94,0.1,4.76,0.49,-0.73,83.95,0.03
0.0,0.94,0.1,4.64,0.31,-0.61,84.16,-0.16
0.0,0.94,0.1,4.39,0.24,-0.55,84.14,-0.02
-0.0,0.94,0.1,4.09,0.12,-0.24,84.04,0.16
-0.0,0.94,0.09,3.6,0.12,0.0,84.32,0.02
0.0,0.94,0.09,2.81,0.24,0.06,84.69,-0.19
0.0,0.94,0.09,2.01,0.49,-0.06,84.63,-0.29
0.0,0.94,0.09,1.53,0.55,-0.18,84.41,-0.23
0.0,0.94,0.09,1.16,0.73,-0.37,84.43,-0.22
0.0,0.94,0.09,0.92,0.85,-0.43,84.45,-0.26
0.0,0.94,0.09,0.67,1.04,-0.49,84.5,-0.15
-0.0,0.94,0.09,0.55,0.79,-0.55,84.46,0.04
0.0,0.94,0.09,0.55,0.24,-0.73,84.59,-0.14
-0.01,0.95,0.09,2.2,-1.22,-0.43,84.49,0.31
-0.0,0.95,0.09,2.69,-0.98,0.06,84.73,0.25
-0.0,0.95,0.09,2.93,-0.79,0.43,84.83,0.29
-0.0,0.95,0.09,3.11,-0.85,0.61,84.78,0.28
-0.0,0.95,0.09,3.3,-1.16,0.67,84.75,0.23
-0.0,0.95,0.09,3.42,-1.53,0.67,84.73,0.26
-0.0,0.95,0.09,3.48,-1.89,0.55,84.77,0.19
0.0,0.95,0.08,3.42,-2.14,0.37,84.98,-0.05
0.0,0.95,0.08,3.36,-2.01,0.24,84.95,-0.06
-0.0,0.95,0.09,3.42,-1.77,0.24,84.67,0.2
0.0,0.95,0.08,3.54,-1.53,0.37,84.97,-0.15
0.01,0.95,0.08,3.42,-0.85,0.24,85.34,-0.53
0.0,0.95,0.08,3.48,-0.18,0.24,85.06,-0.17
-0.0,0.96,0.09,3.78,0.24,0.55,84.76,0.06
-0.0,0.95,0.09,4.09,0.67,0.85,84.79,0.01
-0.0,0.95,0.08,4.27,0.98,1.16,84.97,0.15
-0.01,0.95,0.08,4.15,1.1,1.4,85.12,0.3
-0.01,0.95,0.08,3.91,0.85,1.53,85.08,0.37
-0.0,0.95,0.08,3.36,0.12,1.34,85.29,0.09
-0.0,0.94,0.07,1.95,-0.98,-0.12,85.9,0.27
-0.01,0.94,0.07,2.01,0.18,0.55,85.89,0.59
-0.01,0.94,0.07,2.08,1.16,1.16,85.9,0.3
0.0,0.95,0.07,2.38,1.65,1.28,85.68,-0.14
0.0,0.95,0.07,2.81,1.53,1.04,85.46,-0.29
0.01,0.95,0.07,3.36,1.04,0.55,85.52,-0.39
0.0,0.95,0.08,3.97,0.31,0.18,85.34,-0.1
-0.0,0.95,0.08,4.58,-0.37,0.06,85.35,0.21
-0.0,0.95,0.07,4.7,-0.67,0.0,85.8,0.18
-0.0,0.94,0.07,4.52,-0.67,0.0,85.92,0.18
-0.0,0.94,0.07,4.15,-0.61,-0.12,85.98,0.07
-0.0,0.94,0.06,3.66,-0.49,-0.24,86.08,0.04
-0.0,0.94,0.06,3.17,-0.37,-0.24,86.1,0.09
0.0,0.94,0.06,2.62,-0.06,-0.18,86.13,-0.04
0.0,0.94,0.07,2.38,0.06,-0.18,85.89,-0.02
0.0,0.94,0.07,2.38,-0.06,-0.18,85.76,-0.02
0.0,0.94,0.07,2.32,-0.31,-0.31,85.75,-0.06
-0.0,0.94,0.07,2.26,-0.61,-0.43,85.72,0.09
0.0,0.94,0.06,2.08,-1.1,-0.49,86.05,-0.02
0.0,0.94,0.06,1.59,-1.4,-0.85,86.39,-0.27
0.0,0.95,0.06,1.1,-1.4,-1.1,86.39,-0.09
-0.0,0.95,0.06,0.85,-1.34,-0.98,86.16,0.23
-0.01,0.95,0.07,0.92,-1.1,-0.67,85.84,0.34
-0.01,0.96,0.07,1.04,-0.92,-0.31,85.69,0.44
-0.0,0.96,0.07,0.98,-0.79,-0.06,86.09,0.12
0.0,0.95,0.06,0.61,-0.61,-0.12,86.25,-0.27
0.01,0.95,0.07,0.37,-0.92,-0.61,85.97,-0.38
0.01,0.95,0.07,0.24,-1.4,-1.16,85.99,-0.5
0.0,0.95,0.07,0.18,-1.59,-1.59,86.03,-0.22
-0.01,0.95,0.07,0.18,-1.53,-1.4,85.94,0.3
-0.01,0.95,0.06,0.0,-1.04,-0.98,86.26,0.4
-0.01,0.95,0.06,-0.37,-0.31,-0.61,86.53,0.3
-0.0,0.95,0.06,-0.61,0.0,-0.18,86.35,0.29
0.0,0.95,0.06,-0.79,-0.12,-0.06,86.32,-0.1
0.0,0.95,0.07,-0.73,-0.49,-0.24,86.03,-0.19
-0.0,0.95,0.07,-0.31,-1.22,-0.31,85.74,0.06
0.0,0.95,0.07,0.12,-1.71,-0.43,86.02,-0.16
0.0,0.95,0.06,0.37,-1.71,-0.49,86.2,-0.18
0.0,0.95,0.06,0.67,-1.46,-0.31,86.34,-0.02
-0.0,0.95,0.06,0.92,-0.92,0.0,86.43,0.1
-0.01,0.95,0.06,1.16,-0.31,0.61,86.17,0.55
-0.01,0.94,0.06,1.4,0.12,1.4,86.1,0.68
-0.0,0.94,0.06,1.4,0.31,1.89,86.3,0.18
0.01,0.94,0.06,1.04,0.24,1.59,86.49,-0.56
0.01,0.94,0.06,0.55,-0.06,0.92,86.44,-0.73
0.01,0.94,0.06,0.24,-0.43,0.37,86.35,-0.36
0.0,0.94,0.06,-0.06,-0.79,0.06,86.43,-0.2
0.0,0.95,0.06,-0.31,-0.92,-0.06,86.39,-0.07
0.0,0.95,0.06,-0.55,-1.16,-0.12,86.26,-0.07
0.0,0.95,0.06,-0.67,-1.28,-0.24,86.26,-0.2
0.0,0.95,0.06,-0.85,-1.53,-0.49,86.36,-0.16
0.0,0.94,0.06,-1.1,-1.71,-0.49,86.52,-0.01
-0.01,0.94,0.06,-1.34,-1.83,-0.43,86.48,0.31
-0.01,0.95,0.06,-1.34,-1.89,-0.06,86.31,0.41
-0.01,0.95,0.06,-1.34,-1.89,0.24,86.2,0.41
-0.01,0.95,0.06,-1.22,-2.08,0.55,86.16,0.41
-0.0,0.94,0.06,-1.28,-2.26,0.73,86.34,0.17
-0.0,0.94,0.06,-1.59,-2.26,0.73,86.6,0.07
0.0,0.94,0.05,-2.32,-2.5,0.61,86.83,-0.14
0.0,0.94,0.05,-3.05,-2.62,0.31,86.82,-0.15
0.0,0.94,0.06,-7.81,-5.49,0.18,86.36,-0.25
0.0,0.94,0.07,-8.48,-5.55,0.31,85.9,-0.06
-0.0,0.94,0.07,-8.85,-5.86,0.55,85.57,0.02
-0.0,0.94,0.08,-8.97,-6.35,0.73,85.39,0.03
-0.0,0.94,0.08,-9.22,-6.71,0.98,85.27,0.12
0.0,0.94,0.07,-9.64,-7.08,1.1,85.54,-0.19
0.01,0.94,0.07,-10.62,-7.14,0.85,85.9,-0.74
0.01,0.94,0.07,-11.72,-7.32,0.49,85.63,-0.44
0.0,0.94,0.08,-12.7,-7.81,0.55,85.33,-0.01
0.0,0.95,0.08,-14.1,-8.24,0.61,85.37,-0.2
0.0,0.94,0.08,-15.63,-8.79,0.49,85.04,-0.18
-0.0,0.94,0.09,-17.33,-9.52,0.61,84.77,0.1
0.0,0.93,0.08,-19.59,-10.68,0.67,85.1,-0.07
0.01,0.92,0.07,-22.77,-12.08,0.31,85.51,-0.53
0.01,0.92,0.07,-26.43,-13.67,-0.37,85.44,-0.62
0.01,0.91,0.07,-30.33,-15.5,-1.04,85.43,-0.7
0.02,0.91,0.07,-34.36,-17.09,-1.71,85.59,-0.99
0.02,0.91,0.07,-38.15,-18.25,-2.14,85.43,-0.95
0.01,0.91,0.09,-41.14,-19.23,-2.2,84.59,-0.46
-0.0,0.91,0.11,-42.85,-19.71,-1.4,83.26,0.15
-0.01,0.91,0.11,-43.76,-19.41,0.0,82.84,0.32
0.01,0.91,0.11,-44.68,-18.68,1.4,82.99,-0.34
0.01,0.91,0.12,-45.29,-17.82,2.38,82.2,-0.84
0.01,0.91,0.14,-45.53,-17.46,3.05,81.41,-0.76
0.02,0.91,0.14,-45.96,-17.52,3.23,80.91,-1.32
0.03,0.9,0.16,-46.39,-18.07,2.56,79.87,-2.17
0.04,0.9,0.16,-47.0,-18.8,1.22,79.26,-2.78
0.04,0.89,0.17,-47.97,-18.74,-0.06,78.88,-2.66
0.02,0.89,0.18,-49.13,-17.7,-0.37,78.36,-1.5
0.01,0.89,0.18,-50.78,-15.63,0.43,78.38,-0.65
0.01,0.89,0.18,-53.1,-13.31,1.46,78.53,-0.85
0.02,0.89,0.2,-55.54,-11.6,2.01,77.32,-1.09
0.02,0.88,0.22,-57.25,-11.47,2.14,75.7,-1.1
0.03,0.88,0.24,-58.84,-12.82,1.53,74.6,-1.83
0.04,0.88,0.26,-60.18,-14.83,0.31,73.19,-2.24
0.03,0.89,0.28,-61.28,-16.97,-0.67,72.25,-1.98
0.03,0.88,0.29,-62.62,-18.19,-1.1,71.77,-1.63
0.02,0.88,0.29,-64.09,-18.13,-0.61,71.47,-1.23
0.02,0.88,0.29,-65.98,-16.36,0.55,71.81,-1.11
0.01,0.88,0.3,-68.3,-14.04,2.08,71.46,-0.8
0.03,0.88,0.32,-70.19,-13.73,2.69,69.93,-1.73
0.06,0.88,0.35,-71.29,-15.32,1.22,67.84,-3.86
0.08,0.88,0.39,-71.53,-18.37,-1.77,65.72,-4.55
0.07,0.89,0.42,-71.11,-22.46,-4.76,64.5,-4.01
0.07,0.88,0.42,-70.74,-26.92,-7.45,64.02,-3.86
0.06,0.87,0.43,-70.31,-30.46,-9.7,63.38,-3.72
0.04,0.87,0.44,-69.82,-32.71,-10.8,62.92,-2.62
0.02,0.88,0.45,-69.58,-33.45,-10.19,62.78,-1.13
0.02,0.87,0.46,-69.7,-34.06,-9.09,62.31,-1.23
0.04,0.86,0.47,-69.89,-34.73,-8.91,61.04,-2.54
0.06,0.85,0.49,-69.89,-35.77,-9.77,59.9,-3.54
0.07,0.84,0.51,-69.89,-36.68,-11.29,58.83,-3.94
0.06,0.84,0.53,-69.58,-37.35,-12.57,57.61,-3.51
0.05,0.83,0.54,-69.34,-37.11,-13.0,57.03,-2.87
0.04,0.82,0.54,-69.4,-35.46,-12.51,56.81,-2.15
0.03,0.81,0.53,-70.19,-32.9,-11.35,56.69,-1.83
0.03,0.8,0.53,-71.53,-29.97,-10.19,56.42,-1.72
0.04,0.79,0.54,-73.36,-28.2,-9.89,55.7,-2.38
0.07,0.77,0.56,-74.77,-28.14,-11.41,53.67,-3.94
0.08,0.76,0.6,-75.01,-29.36,-14.53,51.61,-4.76
0.07,0.75,0.61,-74.95,-31.19,-17.88,50.86,-4.37
0.06,0.75,0.61,-74.77,-32.78,-20.63,50.36,-3.43
0.04,0.74,0.63,-74.28,-33.51,-22.28,49.62,-2.42
0.03,0.73,0.62,-73.91,-32.71,-22.77,49.51,-1.53
0.01,0.72,0.61,-74.46,-30.7,-22.4,49.84,-0.83
0.02,0.7,0.61,-75.5,-29.66,-22.52,48.87,-1.53
0.06,0.68,0.64,-75.81,-30.09,-24.66,46.62,-3.68
0.07,0.67,0.67,-75.01,-31.43,-28.2,44.66,-4.4
0.06,0.66,0.68,-73.79,-33.08,-31.68,43.97,-3.66
0.06,0.65,0.68,-73.12,-34.18,-34.61,43.72,-3.44
0.06,0.64,0.67,-72.88,-34.0,-37.11,43.33,-3.44
0.04,0.63,0.67,-73.18,-32.53,-38.7,42.87,-2.64
0.03,0.62,0.68,-73.36,-30.27,-38.88,42.09,-1.72
0.01,0.61,0.69,-73.49,-27.34,-38.21,41.5,-0.84
0.01,0.61,0.71,-73.67,-25.33,-37.23,40.59,-0.71
0.04,0.6,0.73,-73.43,-24.48,-37.35,39.35,-2.33
0.06,0.58,0.75,-72.81,-24.41,-39.31,37.88,-3.9
0.08,0.57,0.77,-71.84,-25.15,-42.24,36.66,-4.49
0.07,0.56,0.78,-71.04,-25.33,-44.92,35.92,-4.04
0.05,0.55,0.78,-70.68,-24.66,-46.33,35.28,-2.83
0.03,0.55,0.78,-70.98,-22.64,-46.2,35.02,-1.62
0.01,0.54,0.79,-71.84,-20.08,-44.92,34.45,-0.73
0.01,0.53,0.8,-72.57,-17.4,-43.15,33.35,-0.36
0.01,0.51,0.81,-73.3,-15.01,-41.63,32.12,-0.47
0.0,0.49,0.82,-74.28,-13.06,-40.22,31.08,-0.06
0.01,0.48,0.83,-75.32,-12.82,-39.25,30.16,-0.3
0.03,0.47,0.86,-75.74,-13.55,-39.79,28.84,-1.64
0.04,0.46,0.89,-74.83,-15.32,-41.38,27.48,-2.11
0.03,0.46,0.92,-72.69,-17.46,-42.79,26.84,-1.71
0.02,0.46,0.93,-70.31,-19.17,-43.46,26.57,-1.09
0.01,0.45,0.92,-68.24,-19.59,-42.97,26.06,-0.33
-0.01,0.44,0.92,-66.77,-18.86,-41.32,25.26,0.66
-0.03,0.42,0.92,-65.73,-17.03,-38.27,24.62,1.8
-0.04,0.42,0.92,-65.06,-14.59,-34.36,24.23,2.41
-0.04,0.41,0.93,-64.7,-11.54,-30.58,23.62,2.21
-0.03,0.39,0.93,-64.45,-8.24,-27.28,22.9,1.9
-0.02,0.39,0.94,-64.39,-4.82,-24.72,22.49,1.14
-0.01,0.38,0.95,-64.33,-1.22,-23.25,22.03,0.38
-0.0,0.37,0.96,-64.03,2.2,-22.46,21.23,0.18
-0.0,0.37,0.98,-63.11,5.0,-22.22,20.67,0.15
-0.01,0.37,0.99,-61.58,7.08,-22.16,20.28,0.28
-0.01,0.36,1.01,-59.02,7.87,-22.46,19.66,0.38
-0.01,0.36,1.02,-55.54,7.45,-23.01,19.18,0.56
-0.02,0.35,1.03,-51.88,6.23,-23.32,18.83,0.97
-0.02,0.34,1.03,-48.52,4.82,-23.25,18.37,1.2
-0.03,0.34,1.03,-45.59,3.54,-22.52,18.1,1.5
-0.04,0.33,1.02,-43.27,2.32,-21.12,18.15,2.16
-0.04,0.33,1.01,-41.75,0.98,-19.41,17.91,2.33
-0.04,0.31,1.01,-40.89,-0.37,-18.01,16.97,2.15
-0.03,0.29,1.01,-40.1,-2.2,-17.21,15.84,1.71
-0.01,0.28,1.02,-38.94,-4.46,-17.52,15.34,0.73
0.0,0.27,1.03,-37.48,-7.26,-18.98,14.9,-0.05
0.01,0.26,1.04,-35.58,-10.68,-21.18,14.2,-0.44
0.01,0.26,1.05,-33.57,-14.53,-23.62,14.01,-0.51
0.0,0.26,1.04,-31.8,-17.94,-25.63,13.74,-0.1
-0.01,0.25,1.03,-30.58,-20.69,-26.55,13.36,0.59
-0.02,0.25,1.03,-29.91,-22.46,-26.18,13.43,1.28
-0.03,0.25,1.03,-29.42,-23.38,-24.78,13.39,1.68
-0.03,0.24,1.03,-28.87,-23.62,-22.89,13.01,1.62
-0.02,0.23,1.02,-28.63,-23.44,-20.87,12.59,1.33
-0.01,0.22,1.02,-28.5,-22.77,-18.98,12.07,0.78
-0.0,0.21,1.02,-28.32,-21.67,-17.64,11.44,0.12
0.01,0.2,1.02,-27.95,-20.32,-16.6,10.88,-0.32
0.01,0.19,1.02,-27.22,-18.86,-15.93,10.32,-0.8
0.02,0.18,1.02,-26.06,-17.15,-15.69,9.92,-1.15
0.02,0.18,1.02,-24.66,-15.56,-15.44,9.75,-1.13
0.02,0.17,1.02,-23.13,-14.04,-15.01,9.4,-1.02
0.02,0.17,1.02,-21.48,-12.88,-14.34,9.26,-0.91
0.02,0.17,1.02,-19.53,-11.84,-13.55,9.56,-0.91
0.01,0.18,1.02,-17.58,-10.8,-12.51,9.74,-0.82
0.02,0.17,1.01,-16.05,-9.64,-11.29,9.49,-0.84
0.02,0.16,1.0,-14.95,-8.12,-10.19,9.19,-0.9
0.01,0.16,0.99,-14.34,-6.59,-9.03,9.07,-0.81
0.02,0.16,0.99,-13.98,-5.07,-8.06,8.97,-0.93
0.02,0.15,0.99,-13.67,-3.66,-7.51,8.67,-1.0
0.02,0.15,1.0,-13.18,-2.81,-7.26,8.47,-0.97
0.02,0.16,1.01,-12.39,-2.14,-7.32,8.83,-0.87
0.01,0.16,1.01,-11.35,-1.53,-7.45,8.99,-0.74
0.01,0.16,1.01,-10.31,-0.92,-7.57,8.71,-0.5
0.01,0.16,1.02,-9.4,-0.49,-7.57,8.68,-0.29
0.01,0.16,1.02,-8.3,-0.24,-7.75,8.69,-0.41
0.01,0.15,1.02,-7.2,-0.18,-8.12,8.63,-0.39
-0.0,0.16,1.02,-6.29,-0.24,-8.3,8.76,0.13
-0.01,0.16,1.02,-5.55,-0.43,-8.0,9.0,0.46
-0.01,0.16,1.01,-5.07,-0.55,-7.63,9.12,0.47
-0.01,0.16,1.01,-5.0,-0.73,-7.2,8.81,0.64
-0.01,0.16,1.01,-4.88,-1.28,-6.84,8.78,0.47
-0.0,0.16,1.02,-4.82,-1.83,-6.77,8.74,0.18
-0.0,0.15,1.02,-4.76,-2.62,-7.02,8.28,0.03
0.0,0.15,1.02,-4.76,-3.3,-7.51,8.36,-0.17
0.01,0.15,1.02,-4.88,-3.72,-7.93,8.63,-0.28
0.0,0.15,1.01,-5.37,-3.66,-8.24,8.31,-0.22
0.0,0.14,1.01,-6.1,-3.23,-8.54,7.87,-0.27
0.01,0.13,1.01,-6.9,-2.62,-8.85,7.49,-0.35
0.01,0.13,1.02,-7.14,-2.32,-8.97,7.4,-0.29
0.01,0.14,1.03,-6.71,-2.2,-8.79,7.66,-0.32
0.01,0.14,1.04,-5.68,-2.38,-8.42,7.76,-0.32
0.0,0.14,1.03,-4.52,-2.5,-7.69,7.85,-0.21
0.0,0.15,1.03,-3.42,-2.26,-6.65,8.07,-0.14
0.0,0.15,1.03,-2.62,-1.71,-5.37,8.05,-0.15
0.01,0.14,1.02,-2.08,-0.79,-4.15,7.86,-0.44
0.01,0.13,1.01,-2.14,0.49,-3.36,7.31,-0.8
0.02,0.12,1.01,-2.69,1.83,-2.93,6.68,-1.11
0.02,0.12,1.01,-3.42,3.11,-2.75,6.61,-1.37
0.03,0.12,1.02,-3.66,4.33,-2.69,6.59,-1.44
0.03,0.12,1.03,-3.42,5.55,-2.44,6.69,-1.45
0.02,0.13,1.04,-2.93,6.65,-2.08,6.9,-1.3
0.02,0.12,1.04,-2.38,7.63,-1.34,6.78,-0.9
0.01,0.12,1.03,-1.95,8.18,-0.31,6.7,-0.53
0.01,0.13,1.04,-1.28,8.06,0.85,6.95,-0.31
0.01,0.12,1.04,-0.49,7.32,1.77,6.79,-0.49
0.01,0.12,1.03,0.43,6.23,2.32,6.49,-0.78
0.01,0.12,1.02,1.16,4.82,2.75,6.67,-0.67
0.01,0.12,1.02,1.46,3.36,3.23,6.93,-0.51
0.01,0.12,1.01,1.4,1.83,3.54,7.01,-0.39
0.01,0.12,1.0,0.98,0.37,3.72,7.11,-0.49
0.01,0.12,0.99,0.12,-0.92,3.36,7.12,-0.84
0.02,0.12,0.99,-1.04,-2.32,2.5,7.04,-1.2
0.02,0.12,0.99,-2.14,-3.78,1.22,6.99,-1.29
0.02,0.12,0.99,-3.11,-5.19,-0.18,7.0,-1.18
0.02,0.12,0.99,-3.85,-6.1,-1.28,7.03,-0.89
0.01,0.13,1.0,-4.15,-6.65,-1.77,7.25,-0.38
-0.02,0.11,1.04,-7.57,-6.35,-2.01,6.0,0.89
0.01,0.11,1.03,-9.34,-7.63,-2.69,6.2,-0.63
0.02,0.14,1.03,-7.45,-7.87,-3.23,7.78,-1.12
-0.01,0.13,1.05,-7.2,-9.28,-3.85,7.14,0.53
0.0,0.11,1.05,-6.23,-9.83,-4.39,6.22,-0.16
0.01,0.11,1.03,-5.49,-9.95,-4.82,6.27,-0.69
0.01,0.11,1.01,-5.49,-9.28,-4.21,6.4,-0.73
0.0,0.11,1.02,-5.13,-8.18,-3.66,6.1,-0.12
0.0,0.11,1.02,-5.07,-7.26,-3.11,6.12,-0.06
0.02,0.11,1.02,-4.76,-6.1,-2.62,6.14,-0.9
0.03,0.11,1.0,-4.76,-4.82,-2.26,6.34,-1.49
0.02,0.11,0.99,-5.0,-3.3,-1.89,6.49,-1.26
0.02,0.11,0.98,-5.98,-2.01,-1.46,6.3,-0.92
0.02,0.11,0.97,-7.08,-0.73,-1.4,6.45,-1.21
0.02,0.11,0.97,-8.3,1.46,-1.28,6.53,-1.16
0.03,0.11,0.96,-8.54,5.92,-0.79,6.62,-1.49
0.03,0.1,0.96,-10.13,8.18,-1.4,6.03,-1.87
0.03,0.09,0.98,-11.54,7.87,-2.99,5.37,-1.93
0.04,0.1,0.98,-12.7,7.08,-4.64,5.84,-2.39
0.04,0.1,0.98,-13.85,5.8,-5.86,5.8,-2.17
0.02,0.09,1.0,-14.89,5.13,-6.77,5.26,-1.42
0.03,0.09,1.08,-14.65,7.32,-6.65,5.0,-1.33
0.03,0.09,1.08,-15.56,-2.5,-9.58,4.54,-1.65
0.05,0.08,1.05,-13.43,0.18,-8.97,4.27,-2.51
0.02,0.09,1.09,-11.78,-0.79,-9.09,4.73,-1.06
-0.0,0.08,1.07,-10.07,-1.34,-8.54,4.45,0.2
0.04,0.08,1.04,-8.24,-1.22,-8.0,4.17,-2.07
0.03,0.08,1.02,-7.63,-0.67,-7.32,4.59,-1.88
0.01,0.08,1.02,-7.51,-0.85,-6.71,4.43,-0.48
0.01,0.07,1.02,-7.57,-0.67,-6.53,4.05,-0.43
-0.0,0.07,1.0,-8.18,-0.67,-6.23,4.11,0.01
-0.0,0.08,0.99,-8.79,-0.73,-5.55,4.49,0.18
-0.01,0.08,0.99,-9.46,-0.43,-4.82,4.7,0.34
-0.03,0.07,0.99,-10.56,0.0,-3.3,4.27,1.8
-0.04,0.07,1.04,-11.9,-0.18,-2.26,4.01,1.97
0.01,0.07,1.16,-2.44,2.01,-1.77,3.47,-0.37
0.04,0.05,1.15,1.1,-0.31,-1.34,2.66,-2.2
0.03,0.06,1.04,0.55,0.24,0.18,3.32,-1.52
0.0,0.07,1.03,0.06,-0.24,0.24,3.74,-0.2
0.01,0.06,1.02,-0.12,-0.06,-0.06,3.43,-0.35
0.02,0.07,1.02,-0.24,-0.49,-0.31,3.71,-1.21
0.02,0.07,1.02,0.0,-0.06,-0.12,3.78,-1.1
0.01,0.07,1.02,-0.06,-0.24,-0.06,3.84,-0.51
0.02,0.07,1.02,-0.12,-0.18,-0.06,3.88,-0.97
0.01,0.07,1.02,-0.12,0.0,0.06,3.76,-0.54
0.01,0.07,1.02,0.0,-0.55,0.18,3.74,-0.48
0.01,0.07,1.02,0.0,-0.06,0.31,3.65,-0.51
0.0,0.06,1.03,0.06,-0.31,0.24,3.54,-0.22
0.01,0.07,1.03,0.24,-0.43,0.31,3.76,-0.69
0.01,0.07,1.02,0.18,-0.37,0.31,3.9,-0.79
0.02,0.07,1.01,0.12,-0.24,0.12,3.76,-0.94
0.02,0.07,1.01,0.06,-0.24,0.0,3.84,-1.18
0.02,0.07,1.01,0.0,-0.12,0.06,3.95,-0.89
0.01,0.07,1.02,-0.06,-0.18,-0.12,3.77,-0.69
0.01,0.07,1.02,0.0,-0.31,0.12,3.85,-0.68
0.0,0.06,1.03,0.06,0.0,0.24,3.5,-0.01
0.01,0.06,1.03,0.12,-0.61,0.06,3.43,-0.39
0.02,0.07,1.02,0.24,-0.37,0.18,3.75,-1.08
0.01,0.07,1.02,0.31,-0.18,0.18,3.65,-0.46
0.01,0.07,1.02,0.18,-0.49,0.12,3.82,-0.75
0.02,0.07,1.01,0.18,-0.24,0.12,4.04,-1.1
0.01,0.07,1.02,0.12,-0.18,0.12,3.8,-0.81
0.02,0.07,1.01,0.18,-0.31,0.06,3.73,-0.97
0.01,0.07,1.02,0.12,0.06,0.18,3.82,-0.51
0.0,0.07,1.03,0.12,-0.24,0.12,3.68,-0.08
0.01,0.07,1.02,0.18,-0.49,0.12,3.69,-0.7
0.01,0.07,1.02,0.18,-0.24,0.12,3.78,-0.71
0.01,0.07,1.02,0.12,-0.31,0.12,3.8,-0.58
0.02,0.07,1.02,0.18,-0.37,0.12,3.81,-0.93
0.02,0.07,1.02,0.18,-0.18,0.12,3.82,-0.9
0.01,0.07,1.02,0.18,-0.18,0.18,3.82,-0.73
0.01,0.07,1.02,0.12,-0.18,0.12,3.7,-0.66
0.01,0.06,1.02,0.12,-0.18,0.12,3.62,-0.5
0.01,0.07,1.02,0.18,-0.31,0.12,3.67,-0.45
0.01,0.07,1.02,0.18,-0.31,0.12,3.72,-0.46
0.01,0.07,1.02,0.18,-0.37,0.18,3.84,-0.63
0.02,0.07,1.02,0.12,-0.31,0.12,3.91,-0.89
0.02,0.07,1.01,0.18,-0.31,0.18,3.83,-0.88
0.01,0.07,1.01,0.12,-0.24,0.12,3.78,-0.83
0.01,0.07,1.02,0.12,-0.18,0.12,3.71,-0.74
0.01,0.07,1.02,0.12,-0.18,0.12,3.65,-0.55
0.01,0.07,1.02,0.18,-0.24,0.12,3.68,-0.5
0.01,0.07,1.02,0.18,-0.31,0.12,3.71,-0.55
0.01,0.07,1.02,0.18,-0.31,0.06,3.72,-0.64
0.01,0.07,1.02,0.18,-0.31,0.18,3.83,-0.71
0.01,0.07,1.01,0.18,-0.31,0.18,3.87,-0.77
0.02,0.07,1.01,0.12,-0.24,0.12,3.87,-0.9
0.01,0.07,1.02,0.12,-0.18,0.12,3.84,-0.82
0.01,0.07,1.02,0.12,-0.18,0.12,3.75,-0.6
0.01,0.07,1.02,0.12,-0.24,0.12,3.71,-0.51
0.01,0.06,1.02,0.12,-0.24,0.12,3.62,-0.52
0.01,0.06,1.02,0.18,-0.31,0.12,3.64,-0.58
0.01,0.07,1.02,0.18,-0.31,0.12,3.78,-0.68
0.01,0.07,1.02,0.18,-0.31,0.12,3.82,-0.78
0.01,0.07,1.01,0.12,-0.24,0.12,3.83,-0.84
0.01,0.07,1.02,0.12,-0.24,0.12,3.83,-0.71
0.01,0.07,1.02,0.12,-0.24,0.12,3.75,-0.59
0.01,0.07,1.02,0.12,-0.31,0.12,3.72,-0.61
0.01,0.07,1.02,0.12,-0.24,0.06,3.66,-0.57
0.01,0.07,1.02,0.18,-0.31,0.12,3.65,-0.54
0.01,0.07,1.02,0.18,-0.31,0.12,3.72,-0.65
0.01,0.07,1.02,0.18,-0.31,0.12,3.76,-0.75
0.02,0.07,1.02,0.24,-0.24,0.12,3.85,-0.86
0.02,0.07,1.02,0.18,-0.24,0.12,3.87,-0.84
0.01,0.07,1.02,0.12,-0.24,0.12,3.76,-0.74
0.01,0.07,1.02,0.12,-0.18,0.12,3.72,-0.61
0.01,0.07,1.02,0.12,-0.24,0.12,3.69,-0.46
0.01,0.07,1.02,0.18,-0.24,0.12,3.66,-0.51
0.01,0.07,1.02,0.18,-0.31,0.12,3.69,-0.64
0.01,0.07,1.02,0.18,-0.31,0.12,3.72,-0.71
0.01,0.07,1.02,0.12,-0.31,0.12,3.78,-0.81
0.02,0.07,1.02,0.12,-0.18,0.12,3.8,-0.85
0.01,0.07,1.02,0.18,-0.24,0.12,3.76,-0.76
0.01,0.07,1.02,0.12,-0.24,0.18,3.77,-0.69
0.01,0.07,1.02,0.12,-0.18,0.12,3.75,-0.54
0.01,0.07,1.02,0.12,-0.24,0.12,3.71,-0.47
0.01,0.07,1.02,0.18,-0.31,0.12,3.73,-0.55
0.01,0.07,1.02,0.18,-0.31,0.12,3.73,-0.65
0.01,0.07,1.02,0.18,-0.24,0.12,3.78,-0.74
0.01,0.07,1.02,0.18,-0.24,0.12,3.82,-0.81
0.01,0.07,1.02,0.12,-0.24,0.12,3.77,-0.79
0.01,0.07,1.02,0.12,-0.24,0.12,3.74,-0.71
0.01,0.07,1.02,0.12,-0.24,0.12,3.75,-0.59
0.01,0.07,1.02,0.12,-0.24,0.12,3.74,-0.5
0.01,0.07,1.02,0.12,-0.24,0.12,3.75,-0.58
0.01,0.07,1.02,0.18,-0.31,0.12,3.75,-0.63
0.01,0.07,1.02,0.12,-0.31,0.12,3.81,-0.73
0.01,0.07,1.02,0.18,-0.31,0.06,3.84,-0.8
0.01,0.07,1.02,0.12,-0.24,0.12,3.79,-0.77
0.01,0.07,1.02,0.12,-0.24,0.12,3.77,-0.8
0.01,0.07,1.02,0.12,-0.24,0.12,3.72,-0.75
0.01,0.07,1.02,0.12,-0.24,0.06,3.7,-0.64
0.01,0.07,1.02,0.18,-0.31,0.12,3.71,-0.55
0.01,0.07,1.02,0.18,-0.31,0.12,3.72,-0.54
0.01,0.07,1.02,0.18,-0.31,0.12,3.76,-0.61
0.01,0.07,1.02,0.18,-0.31,0.18,3.84,-0.7
0.01,0.07,1.02,0.12,-0.24,0.18,3.83,-0.74
0.01,0.07,1.02,0.12,-0.24,0.12,3.83,-0.76
0.01,0.07,1.02,0.12,-0.24,0.18,3.78,-0.69
0.01,0.07,1.02,0.12,-0.24,0.12,3.71,-0.59
0.01,0.07,1.02,0.12,-0.24,0.12,3.71,-0.63
0.01,0.07,1.02,0.18,-0.24,0.12,3.67,-0.66
0.01,0.07,1.02,0.18,-0.31,0.12,3.72,-0.63
0.01,0.07,1.02,0.18,-0.24,0.12,3.8,-0.68
0.01,0.07,1.02,0.18,-0.24,0.12,3.79,-0.73
0.01,0.07,1.02,0.18,-0.24,0.18,3.8,-0.73
0.01,0.07,1.02,0.12,-0.24,0.12,3.79,-0.7
0.01,0.07,1.02,0.06,-0.24,0.12,3.75,-0.64
0.01,0.07,1.02,0.12,-0.18,0.12,3.7,-0.59
0.01,0.07,1.02,0.12,-0.24,0.12,3.67,-0.56
0.01,0.07,1.02,0.18,-0.24,0.12,3.69,-0.6
0.01,0.07,1.02,0.18,-0.24,0.12,3.71,-0.69
0.01,0.07,1.02,0.12,-0.31,0.12,3.74,-0.75
0.01,0.07,1.02,0.18,-0.24,0.12,3.81,-0.77
0.01,0.07,1.02,0.12,-0.24,0.12,3.82,-0.7
0.01,0.07,1.02,0.12,-0.24,0.12,3.79,-0.62
0.01,0.07,1.02,0.18,-0.24,0.12,3.77,-0.6
0.01,0.07,1.02,0.12,-0.31,0.12,3.71,-0.6
0.01,0.07,1.02,0.18,-0.31,0.12,3.68,-0.62
0.01,0.07,1.02,0.12,-0.31,0.12,3.68,-0.71
0.01,0.07,1.02,0.18,-0.31,0.12,3.73,-0.74
0.01,0.07,1.02,0.18,-0.31,0.06,3.79,-0.76
0.01,0.07,1.02,0.18,-0.24,0.06,3.8,-0.78
0.01,0.07,1.02,0.18,-0.24,0.12,3.75,-0.72
0.01,0.07,1.02,0.18,-0.24,0.12,3.75,-0.66
0.01,0.07,1.02,0.18,-0.24,0.12,3.74,-0.6
0.01,0.07,1.02,0.18,-0.24,0.12,3.67,-0.59
0.01,0.07,1.02,0.18,-0.31,0.12,3.73,-0.6
0.01,0.07,1.02,0.12,-0.24,0.06,3.78,-0.66
0.01,0.07,1.02,0.18,-0.31,0.12,3.83,-0.84
0.01,0.07,1.02,0.18,-0.18,0.18,3.78,-0.76
0.01,0.07,1.02,0.12,-0.18,0.06,3.73,-0.63
0.01,0.07,1.02,0.12,-0.24,0.12,3.77,-0.71
0.01,0.07,1.02,0.12,-0.24,0.12,3.71,-0.66
0.01,0.07,1.02,0.18,-0.31,0.12,3.68,-0.61
0.01,0.07,1.02,0.18,-0.24,0.12,3.74,-0.58
0.01,0.07,1.02,0.12,-0.24,0.12,3.78,-0.62
0.01,0.07,1.02,0.12,-0.31,0.12,3.78,-0.64
0.01,0.07,1.02,0.12,-0.24,0.18,3.74,-0.65
0.01,0.07,1.02,0.12,-0.31,0.18,3.66,-0.61
0.01,0.07,1.02,0.12,-0.24,0.12,3.66,-0.6
0.01,0.07,1.02,0.18,-0.31,0.12,3.7,-0.64
0.01,0.07,1.02,0.12,-0.31,0.12,3.74,-0.66
0.01,0.07,1.02,0.18,-0.24,0.12,3.79,-0.69
0.01,0.07,1.02,0.18,-0.24,0.12,3.76,-0.73
0.01,0.07,1.02,0.18,-0.24,0.18,3.72,-0.69
0.01,0.07,1.02,0.12,-0.24,0.12,3.72,-0.68
0.01,0.07,1.02,0.12,-0.24,0.12,3.7,-0.63
0.01,0.07,1.02,0.12,-0.24,0.12,3.71,-0.59
0.01,0.07,1.02,0.12,-0.31,0.18,3.72,-0.66
0.01,0.07,1.02,0.18,-0.31,0.12,3.72,-0.75
0.01,0.07,1.02,0.18,-0.24,0.12,3.72,-0.8
0.01,0.07,1.02,0.18,-0.24,0.12,3.72,-0.8
0.01,0.07,1.02,0.18,-0.24,0.12,3.77,-0.79
0.01,0.07,1.02,0.18,-0.31,0.12,3.79,-0.72
0.01,0.07,1.02,0.12,-0.24,0.12,3.76,-0.62
0.01,0.07,1.02,0.12,-0.24,0.06,3.77,-0.59
0.01,0.07,1.02,0.12,-0.24,0.12,3.79,-0.6
0.01,0.07,1.02,0.18,-0.31,0.12,3.77,-0.64
0.01,0.07,1.02,0.18,-0.24,0.12,3.77,-0.73
0.01,0.07,1.02,0.18,-0.31,0.12,3.72,-0.77
0.01,0.07,1.02,0.18,-0.24,0.12,3.72,-0.77
0.01,0.07,1.02,0.12,-0.24,0.18,3.76,-0.69
0.01,0.07,1.02,0.18,-0.31,0.12,3.73,-0.61
0.01,0.07,1.02,0.18,-0.24,0.12,3.73,-0.62
0.01,0.07,1.02,0.18,-0.31,0.12,3.74,-0.66
